GB50096-2011,5.1.1,住宅应按套型设计，每套住宅应设卧室、起居室（厅）、厨房和卫生间等基本功能空间。
GB50096-2011,5.1.2,由卧室、起居室（厅）、厨房和卫生间等组成的套型，其使用面积不应小于30m2。
GB50096-2011,5.1.2,由兼起居的卧室、厨房和卫生间等组成的最小套型，其使用面积不应小于22m2。
GB50096-2011,5.2.1,双人卧室的使用面积不应小于9m2。
GB50096-2011,5.2.1,单人卧室的使用面积不应小于5m2。
GB50096-2011,5.2.1,兼起居的卧室的使用面积不应小于12m2。
GB50096-2011,5.2.2,起居室（厅）的使用面积不应小于10m2。
GB50096-2011,5.2.3,起居室（厅）内布置家具的墙面直线长度宜大于3m。
GB50096-2011,5.2.4,无直接采光的餐厅、过厅等，其使用面积不宜大于10m2。
GB50096-2011,5.3.1,由卧室、起居室（厅）、厨房和卫生间等组成的住宅套型的厨房使用面积，不应小于4.0m2。
GB50096-2011,5.3.1,由兼起居的卧室、厨房和卫生间等组成的住宅最小套型的厨房使用面积，不应小于3.5m2。
GB50096-2011,5.3.2,厨房宜布置在套内近入口处。
GB50096-2011,5.3.3,厨房应设置洗涤池、案台、炉灶及排油烟机、热水器等设施或为其预留位置。
GB50096-2011,5.3.4,厨房应按炊事操作流程布置。排油烟机的位置应与炉灶位置对应，并应与排气道直接连通。
GB50096-2011,5.3.5,单排布置设备的厨房净宽不应小于1.50m。
GB50096-2011,5.3.5,双排布置设备的厨房其两排设备之间的净距不应小于0.90m。
GB50096-2011,5.4.1,每套住宅应设卫生间，应至少配置便器、洗浴器、洗面器三件卫生设备或为其预留设置位置及条件。
GB50096-2011,5.4.1,三件卫生设备集中配置的卫生间的使用面积不应小于2.50m2。
GB50096-2011,5.4.2,卫生间可根据使用功能要求组合不同的设备。
GB50096-2011,5.4.2,设便器、洗面器时，卫生间的使用面积不应小于1.80m2。
GB50096-2011,5.4.2,设便器、洗浴器时，卫生间的使用面积不应小于2.00m2。
GB50096-2011,5.4.2,设洗面器、洗浴器时，卫生间的使用面积不应小于2.00m2。
GB50096-2011,5.4.2,设洗面器、洗衣机时，卫生间的使用面积不应小于1.80m2。
GB50096-2011,5.4.2,单设便器时，卫生间的使用面积不应小于1.10m2。
GB50096-2011,5.4.3,无前室的卫生间的门不应直接开向起居室（厅）或厨房。
GB50096-2011,5.4.4,卫生间不应直接布置在下层住户的卧室、起居室（厅）、厨房和餐厅的上层。
GB50096-2011,5.4.5,当卫生间布置在本套内的卧室、起居室（厅）、厨房和餐厅的上层时，均应有防水和便于检修的措施。
GB50096-2011,5.4.6,每套住宅应设置洗衣机的位置及条件。
GB50096-2011,5.5.1,住宅层高宜为2.80m。
GB50096-2011,5.5.2,卧室、起居室（厅）的室内净高不应低于2.40m。
GB50096-2011,5.5.2,卧室、起居室（厅）的局部净高不应低于2.10m，且局部净高的室内面积不应大于室内使用面积的1/3
GB50096-2011,5.5.3,利用坡屋顶内空间作卧室、起居室（厅）时，至少有1/2的使用面积的室内净高不应低于2.10m。
GB50096-2011,5.5.4,厨房、卫生间的室内净高不应低于2.20m。
GB50096-2011,5.5.5,厨房、卫生间内排水横管下表面与楼面、地面净距不得低于1.90m，且不得影响门、窗扇开启。
GB50096-2011,5.6.1,每套住宅宜设阳台或平台。
GB50096-2011,5.6.2,阳台栏杆设计必须采用防止儿童攀登的构造。
GB50096-2011,5.6.2,阳台栏杆的垂直杆件间净距不应大于0.11m。
GB50096-2011,5.6.3,阳台栏板或栏杆净高，六层及六层以下不应低于1.05m。
GB50096-2011,5.6.3,阳台栏板或栏杆净高，七层及七层以上不应低于1.10m。
GB50096-2011,5.7.1,套内入口过道净宽不宜小于1.20m。
GB50096-2011,5.7.1,通往卧室、起居室（厅）的过道净宽不应小于1.00m。
GB50096-2011,5.7.1,通往厨房、卫生间、贮藏室的过道净宽不应小于0.90m
GB50096-2011,5.7.3,套内楼梯当一边临空时，梯段净宽不应小于0.75m。
GB50096-2011,5.7.3,套内楼梯当两侧有墙时，墙面之间净宽不应小于0.90m，并应在其中一侧墙面设置扶手
GB50096-2011,5.7.4,套内楼梯的踏步宽度不应小于0.22m。
GB50096-2011,5.7.4,套内楼梯的踏步高度不应大于0.20m。
GB50096-2011,5.7.4,套内扇形楼梯扇形踏步转角距扶手中心0.25m处，宽度不应小于0.22m。
GB50096-2011,5.8.1,窗外没有阳台或平台的外窗，窗台距楼面、地面的净高低于0.90m时，应设置防护设施。
GB50096-2011,5.8.2,凸窗窗台高度低于或等于0.45m时，防护高度从窗台面起算不应低于0.90m
GB50096-2011,5.8.2,凸窗可开启窗扇窗洞口底距窗台面的净高低于0.90m时，窗洞口处应有防护措施。其防护高度从窗台面起算不应低于0.90m。
GB50096-2011,5.8.2,严寒和寒冷地区不宜设置凸窗。
GB50096-2011,5.8.7,共用外门门洞洞口宽度最小为1.20m，洞口高度最小为2.00m。
GB50096-2011,5.8.7,户门门洞洞口宽度最小为1.00m，洞口高度最小为2.00m。
GB50096-2011,5.8.7,起居室（厅）们门洞洞口宽度最小为0.90m，洞口高度最小为2.00m。
GB50096-2011,5.8.7,卧室门门洞洞口宽度最小为0.90m，洞口高度最小为2.00m。
GB50096-2011,5.8.7,厨房门门洞洞口宽度最小为0.80m，洞口高度最小为2.00m。
GB50096-2011,5.8.7,卫生间门门洞洞口宽度最小为0.70m，洞口高度最小为2.00m。
GB50096-2011,5.8.7,阳台门（单扇）门洞洞口宽度最小为0.70m，洞口高度最小为2.00m。
GB50096-2011,6.1.1,楼梯间、电梯厅等共用部分的外窗，窗外没有阳台或平台，且窗台距楼面、地面的净高小于0.90m时，应设置防护设施。
GB50096-2011,6.1.2,公共出入口台阶高度超过0.70m并侧面临空时，应设置防护设施，防护设施净高不应低于1.05m。
GB50096-2011,6.1.3,外廊、内天井及上人屋面等临空处的栏杆净高，六层及六层以下不应低于1.05m。
GB50096-2011,6.1.3,外廊、内天井及上人屋面等临空处的栏杆净高，七层及七层以上不应低于1.10m。
GB50096-2011,6.1.3,外廊、内天井及上人屋面等临空处的防护栏杆必须采用防止儿童攀登的构造。
GB50096-2011,6.1.3,外廊、内天井及上人屋面等临空处的栏杆的垂直杆件间净距不应大于0.11m。
GB50096-2011,6.1.3,外廊、内天井及上人屋面等临空处的栏杆，放置花盆处必须采取防坠落措施。
GB50096-2011,6.1.4,公共出入口台阶踏步宽度不宜小于0.30m。
GB50096-2011,6.1.4,公共出入口台阶踏步高度不宜大于0.15m，并不宜小于0.10m，踏步高度应均匀一致，并应采取防滑措施。
GB50096-2011,6.1.4,公共出入口台阶踏步数不应少于2级，当高差不足2级时，应按坡道设置。
GB50096-2011,6.1.4,公共出入口台阶宽度大于1.80m时，两侧宜设置栏杆扶手，高度应为0.90m
GB50096-2011,6.2.1,十层以下的住宅建筑，当住宅单元任一层的建筑面积大于650m2，该住宅单元每层的安全出口不应少于2个。
GB50096-2011,6.2.1,十层以下的住宅建筑，当住宅单元任一套房的户门至安全出口的距离大于15m时，该住宅单元每层的安全出口不应少于2个。
GB50096-2011,6.2.2,十层及十层以上且不超过十八层的住宅建筑，当住宅单元任一层的建筑面积大于650m2，该住宅单元每层的安全出口不应少于2个。
GB50096-2011,6.2.2,十层及十层以上且不超过十八层的住宅建筑，当住宅单元任一套房的户门至安全出口的距离大于10m时，该住宅单元每层的安全出口不应少于2个。
GB50096-2011,6.2.3,十九层及十九层以上的住宅建筑，每层住宅单元的安全出口不应少于2个。
GB50096-2011,6.2.4,安全出口应分散布置，两个安全出口的距离不应小于5m。
GB50096-2011,6.2.5,楼梯间及前室的门应向疏散方向开启。
GB50096-2011,6.2.6,十层以下的住宅建筑的楼梯间宜通至屋顶，且不应穿越其他房间。
GB50096-2011,6.2.6,通向平屋面的门应向屋面方向开启。
GB50096-2011,6.3.1,楼梯梯段净宽不应小于1.10m。
GB50096-2011,6.3.1,不超过六层的住宅，一边设有栏杆的梯段净宽不应小于1.00m。
GB50096-2011,6.3.2,楼梯踏步宽度不应小于0.26m。
GB50096-2011,6.3.2,楼梯踏步高度不应大于0.175m。
GB50096-2011,6.3.2,楼梯扶手高度不应小于0.90m。
GB50096-2011,6.3.2,楼梯水平段栏杆长度大于0.50m时，其扶手高度不应小于1.05m。
GB50096-2011,6.3.2,楼梯栏杆垂直杆件间净空不应大于0.11m。
GB50096-2011,6.3.3,楼梯平台净宽不应小于楼梯梯段净宽。
GB50096-2011,6.3.3,楼梯平台净宽不得小于1.20m
GB50096-2011,6.3.3,楼梯平台的结构下缘至人行通道的垂直高度不应低于2.00m。
GB50096-2011,6.3.3,入口处地坪与室外地面应有高差，并不应小于0.10m。
GB50096-2011,6.3.4,楼梯为剪刀梯时，楼梯平台的净宽不得小于1.30m。
GB50096-2011,6.3.5,楼梯井净宽大于0.11m时，必须采取防止儿童攀滑的措施。
GB50096-2011,6.4.1,七层及七层以上住宅必须设置电梯。
GB50096-2011,6.4.1,住户入口层楼面距室外设计地面的高度超过16m时，必须设置电梯。
GB50096-2011,6.4.1,底层作为商店或其他用房的六层及六层以下住宅，其住户入口层楼面距该建筑物的室外设计地面高度超过16m时，必须设置电梯。
GB50096-2011,6.4.1,底层做架空层或贮存空间的六层及六层以下住宅，其住户入口层楼面距该建筑物的室外设计地面高度超过16m时，必须设置电梯。
GB50096-2011,6.4.1,顶层为两层一套的跃层住宅时，跃层部分不计层数，其顶层住户入口层楼面距该建筑物室外设计地面的高度超过16m时，必须设置电梯。
GB50096-2011,6.4.7,电梯不应紧邻卧室布置。
GB50096-2011,6.4.7,当受条件限制，电梯不得不紧邻兼起居的卧室布置时，应采取隔声、减振的构造措施。
GB50096-2011,6.5.1,住宅中作为主要通道的外廊宜作封闭外廊，并应设置可开启的窗扇。
GB50096-2011,6.5.1,走廊通道的净宽不应小于1.20m，局部净高不应低于2.00m。
GB50096-2011,6.5.2,位于阳台、外廊及开敞楼梯平台下部的公共出入口，应采取防止物体坠落伤人的安全措施。
GB50096-2011,6.5.3,公共出入口处应有标识，十层及十层以上住宅的公共出入口应设门厅。
GB50096-2011,6.6.1,七层及七层以上的住宅，建筑入口应进行无障碍设计。
GB50096-2011,6.6.1,七层及七层以上的住宅，入口平台应进行无障碍设计。
GB50096-2011,6.6.1,七层及七层以上的住宅，候梯厅应进行无障碍设计。
GB50096-2011,6.6.1,七层及七层以上的住宅，公共走道应进行无障碍设计。
GB50096-2011,6.6.3,七层及七层以上住宅建筑入口平台宽度不应小于2.00m。
GB50096-2011,6.6.3,七层以下住宅建筑入口平台宽度不应小于1.50m。
GB50096-2011,6.6.4,新建住宅应每套配套设置信报箱。
GB50096-2011,6.9.1,卧室、起居室（厅）、厨房不应布置在地下室。
GB50096-2011,6.9.1,卧室、起居室（厅）、厨房，当布置在半地下室时，必须对采光、通风、日照、防潮、排水及安全防护采取措施，并不得降低各项指标要求
GB50096-2011,6.9.3,住宅的地下室、半地下室做自行车库和设备用房时，其净高不应低于2.00m。
GB50096-2011,6.9.4,当住宅的地上架空层及半地下室做机动车停车位时，其净高不应低于2.20m。
GB50096-2011,6.9.5,地上住宅楼、电梯间宜与地下车库连通，并宜采取安全防盗措施。
GB50096-2011,6.9.6,直通住宅单元的地下楼、电梯间入口处应设置乙级防火门。
GB50096-2011,6.9.6,严禁利用楼、电梯间为地下车库进行自然通风
GB50096-2011,6.10.1,住宅建筑内严禁布置存放和使用甲、乙类火灾危险性物品的商店、车间和仓库，以及产生噪声、振动和污染环境卫生的商店、车间和娱乐设施。
GB50096-2011,6.10.4,住户的公共出入口与附建公共用房的出入口应分开布置。
GB50096-2011,7.1.1,每套住宅应至少有一个居住空间能获得冬季日照。
GB50096-2011,7.1.2,需要获得冬季日照的居住空间的窗洞开口宽度不应小于0.60m。
GB50096-2011,7.1.3,卧室、起居室（厅）、厨房应有直接天然采光。
GB50096-2011,7.1.4,卧室、起居室（厅）、厨房的采光系数不应低于1％。
GB50096-2011,7.1.4,当楼梯间设置采光窗时，采光系数不应低于0.5％
GB50096-2011,7.1.6,当楼梯间设置采光窗时，采光窗洞口的窗地面积比不应低于1/12。
GB50096-2011,7.1.7,采光窗下沿离楼面或地面高度低于0.50m的窗洞口面积不应计入采光面积内。
GB50096-2011,7.1.7,采光窗洞口上沿距地面高度不宜低于2.00m。
GB50096-2011,7.2.1,卧室、起居室（厅）、厨房应有自然通风。
GB50096-2011,7.2.4,卧室、起居室（厅）、明卫生间的直接自然通风开口面积不应小于该房间地板面积的1/20。
GB50096-2011,7.2.4,当采用自然通风的房间外设置阳台时，阳台的自然通风开口面积不应小于采用自然通风的房间和阳台地板面积总和的1/20。
GB50096-2011,7.2.4,厨房的直接自然通风开口面积不应小于该房间地板面积的1/10，并不得小于0.60m2。
GB50096-2011,7.2.4,当厨房外设置阳台时，阳台的自然通风开口面积不应小于厨房和阳台地板面积总和的1/10，并不得小于0.60m2。
GB50096-2011,7.3.2,分隔卧室、起居室（厅）的分户墙和分户楼板，空气声隔声评价量（Rw＋C）应大于45dB。
GB50096-2011,7.3.2,分隔住宅和非居住用途空间的楼板，空气声隔声评价量（Rw＋Ctr）应大于51dB。
GB50096-2011,8.1.1,住宅应设置室内给水排水系统。
GB50096-2011,8.1.2,严寒和寒冷地区的住宅应设置采暖设施。
GB50096-2011,8.1.3,住宅应设置照明供电系统。
GB50096-2011,8.1.4,各类生活供水系统应设置分户水表。
GB50096-2011,8.1.4,设有燃气系统时，应设置分户燃气表。
GB50096-2011,8.1.4,设有供电系统时，应设置分户电能表。
GB50096-2011,8.2.2,入户管的供水压力不应大于0.35MPa。
GB50096-2011,8.2.3,套内用水点供水压力不宜大于0.20MPa，且不应小于用水器具要求的最低压力。
GB50096-2011,8.2.6,厨房和卫生间的排水立管应分别设置。
GB50096-2011,8.2.6,排水管道不得穿越卧室。
GB50096-2011,8.2.7,排水立管不应设置在卧室内。
GB50096-2011,8.3.1,住宅管道燃气的供气压力不应高于0.2MPa。
GB50096-2011,8.3.1,住宅内各类用气设备应使用低压燃气，其入口压力应在0.75倍～1.5倍燃具额定范围内。
