规范,条文,条文内容
GB50016-2014(2018年版),3.1.1,生产的火灾危险性应根据生产中使用或产生的物质性质及其数量等因素划分，可分为甲、乙、丙、丁、戊类，并应符合表3.1.1的规定。
GB50016-2014(2018年版),3.1.2-1,同一座厂房或厂房的任一防火分区内有不同火灾危险性生产时，厂房或防火分区内的生产火灾危险性类别应按火灾危险性较大的部分确定；当生产过程中使用或产生易燃、可燃物的量较少，不足以构成爆炸或火灾危险时，可按实际情况确定；当符合下述条件之一时，可按火灾危险性较小的部分确定：火灾危险性较大的生产部分占本层或本防火分区建筑面积的比例小于5％或丁、戊类厂房内的油漆工段小于10％，且发生火灾事故时不足以蔓延至其他部位或火灾危险性较大的生产部分采取了有效的防火措施；
GB50016-2014(2018年版),3.1.2-2,同一座厂房或厂房的任一防火分区内有不同火灾危险性生产时，厂房或防火分区内的生产火灾危险性类别应按火灾危险性较大的部分确定；当生产过程中使用或产生易燃、可燃物的量较少，不足以构成爆炸或火灾危险时，可按实际情况确定；当符合下述条件之一时，可按火灾危险性较小的部分确定：丁、戊类厂房内的油漆工段，当采用封闭喷漆工艺，封闭喷漆空间内保持负压、油漆工段设置可燃气体探测报警系统或自动抑爆系统，且油漆工段占所在防火分区建筑面积的比例不大于20％。
GB50016-2014(2018年版),3.1.3,储存物品的火灾危险性应根据储存物品的性质和储存物品中的可燃物数量等因素划分，可分为甲，乙、丙、丁、戊类，并应符合表3.1.3的规定。
GB50016-2014(2018年版),3.1.4,同一座仓库或仓库的任一防火分区内储存不同火灾危险性物品时，仓库或防火分区的火灾危险性应按火灾危险性最大的物品确定。
GB50016-2014(2018年版),3.1.5,丁、戊类储存物品仓库的火灾危险性，当可燃包装重量大于物品本身重量1／4或可燃包装体积大于物品本身体积的1／2时，应按丙类确定。
GB50016-2014(2018年版),3.2.1,厂房和仓库的耐火等级可分为一、二、三、四级，相应建筑构件的燃烧性能和耐火极限，除本规范另有规定外，不应低于表3.2.1的规定。
GB50016-2014(2018年版),3.2.2,高层厂房，甲、乙类厂房的耐火等级不应低于二级，建筑面积不大于300m2的独立甲、乙类单层厂房可采用三级耐火等级的建筑。
GB50016-2014(2018年版),3.2.3,单、多层丙类厂房和多层丁、戊类厂房的耐火等级不应低于三级。使用或产生丙类液体的厂房和有火花、赤热表面、明火的丁类厂房，其耐火等级均不应低于二级，当为建筑面积不大于500m2的单层丙类厂房或建筑面积不大于1000m2的单层丁类厂房时，可采用三级耐火等级的建筑。
GB50016-2014(2018年版),3.2.4,使用或储存特殊贵重的机器、仪表、仪器等设备或物品的建筑，其耐火等级不应低于二级。
GB50016-2014(2018年版),3.2.5,锅炉房的耐火等级不应低于二级，当为燃煤锅炉房且锅炉的总蒸发量不大于4t／h时，可采用三级耐火等级的建筑。
GB50016-2014(2018年版),3.2.6,油浸变压器室、高压配电装置室的耐火等级不应低于二级，其他防火设计应符合现行国家标准《火力发电厂与变电站设计防火规范》GB?50229等标准的规定。
GB50016-2014(2018年版),3.2.7,高架仓库、高层仓库、甲类仓库、多层乙类仓库和储存可燃液体的多层丙类仓库，其耐火等级不应低于二级。单层乙类仓库，单层丙类仓库，储存可燃固体的多层丙类仓库和多层丁、戊类仓库，其耐火等级不应低于三级。
GB50016-2014(2018年版),3.2.8,粮食筒仓的耐火等级不应低于二级；二级耐火等级的粮食筒仓可采用钢板仓。粮食平房仓的耐火等级不应低于三级；二级耐火等级的散装粮食平房仓可采用无防火保护的金属承重构件。
GB50016-2014(2018年版),3.2.9,甲、乙类厂房和甲、乙、丙类仓库内的防火墙，其耐火极限不应低于4.00h。
GB50016-2014(2018年版),3.2.10,一、二级耐火等级单层厂房(仓库)的柱，其耐火极限分别不应低于2.50h和2.00h。
GB50016-2014(2018年版),3.2.11,采用自动喷水灭火系统全保护的一级耐火等级单、多层厂房(仓库)的屋顶承重构件，其耐火极限不应低于1.00h。
GB50016-2014(2018年版),3.2.12,除甲、乙类仓库和高层仓库外，一、二级耐火等级建筑的非承重外墙，当采用不燃性墙体时，其耐火极限不应低于0.25h；当采用难燃性墙体时，不应低于0.50h。4层及4层以下的一、二级耐火等级丁、戊类地上厂房(仓库)的非承重外墙，当采用不燃性墙体时，其耐火极限不限。
GB50016-2014(2018年版),3.2.13,二级耐火等级厂房(仓库)内的房间隔墙，当采用难燃性墙体时，其耐火极限应提高0.25h。
GB50016-2014(2018年版),3.2.14,二级耐火等级多层厂房和多层仓库内采用预应力钢筋混凝土的楼板，其耐火极限不应低于0.75h。
GB50016-2014(2018年版),3.2.15,一、二级耐火等级厂房(仓库)的上人平屋顶，其屋面板的耐火极限分别不应低于1.50h和1.00h。
GB50016-2014(2018年版),3.2.16,一、二级耐火等级厂房(仓库)的屋面板应采用不燃材料。屋面防水层宜采用不燃、难燃材料，当采用可燃防水材料且铺设在可燃、难燃保温材料上时，防水材料或可燃、难燃保温材料应采用不燃材料作防护层。
GB50016-2014(2018年版),3.2.17,建筑中的非承重外墙、房间隔墙和屋面板，当确需采用金属夹芯板材时，其芯材应为不燃材料，且耐火极限应符合本规范有关规定。
GB50016-2014(2018年版),3.2.18,除本规范另有规定外，以木柱承重且墙体采用不燃材料的厂房(仓库)，其耐火等级可按四级确定。
GB50016-2014(2018年版),3.2.19,预制钢筋混凝土构件的节点外露部位，应采取防火保护措施，且节点的耐火极限不应低于相应构件的耐火极限。
GB50016-2014(2018年版),3.3.3,厂房内设置自动灭火系统时，每个防火分区的最大允许建筑面积可按本规范第3.3.1条的规定增加1.0倍。当丁、戊类的地上厂房内设置自动灭火系统时，每个防火分区的最大允许建筑面积不限。厂房内局部设置自动灭火系统时，其防火分区的增加面积可按该局部面积的1.0倍计算。仓库内设置自动灭火系统时，除冷库的防火分区外，每座仓库的最大允许占地面积和每个防火分区的最大允许建筑面积可按本规范第3.3.2条的规定增加1.0倍。
GB50016-2014(2018年版),3.3.4,甲、乙类生产场所(仓库)不应设置在地下或半地下。
GB50016-2014(2018年版),3.3.5,员工宿舍严禁设置在厂房内。办公室、休息室等不应设置在甲、乙类厂房内，确需贴邻本厂房时，其耐火等级不应低于二级，并应采用耐火极限不低于3.00h的防爆墙与厂房分隔。且应设置独立的安全出口。办公室、休息室设置在丙类厂房内时，应采用耐火极限不低于2.50h的防火隔墙和1.00h的楼板与其他部位分隔，并应至少设置1个独立的安全出口。如隔墙上需开设相互连通的门时，应采用乙级防火门。
GB50016-2014(2018年版),3.3.6-1,厂房内设置中间仓库时，应符合下列规定：甲、乙类中间仓库应靠外墙布置，其储量不宜超过1昼夜的需要量；
GB50016-2014(2018年版),3.3.6-2,厂房内设置中间仓库时，应符合下列规定：甲、乙、丙类中间仓库应采用防火墙和耐火极限不低于1.50h的不燃性楼板与其他部位分隔；
GB50016-2014(2018年版),3.3.6-3,厂房内设置中间仓库时，应符合下列规定：丁、戊类中间仓库应采用耐火极限不低于2.00h的防火隔墙和1.00h的楼板与其他部位分隔；
GB50016-2014(2018年版),3.3.6-4,厂房内设置中间仓库时，应符合下列规定：仓库的耐火等级和面积应符合本规范第3.3.2条和第3.3.3条的规定。
GB50016-2014(2018年版),3.3.7,厂房内的丙类液体中间储罐应设置在单独房间内，其容量不应大于5m3。设置中间储罐的房间，应采用耐火极限不低于3.00h的防火隔墙和1.50h的楼板与其他部位分隔，房间门应采用甲级防火门。
GB50016-2014(2018年版),3.3.8,变、配电站不应设置在甲、乙类厂房内或贴邻，且不应设置在爆炸性气体、粉尘环境的危险区域内。供甲、乙类厂房专用的10kV及以下的变、配电站，当采用无门、窗、洞口的防火墙分隔时，可一面贴邻，并应符合现行国家标准《爆炸危险环境电力装置设计规范》GB?50058等标准的规定。乙类厂房的配电站确需在防火墙上开窗时，应采用甲级防火窗。
GB50016-2014(2018年版),3.3.9,员工宿舍严禁设置在仓库内。办公室、休息室等严禁设置在甲、乙类仓库内，也不应贴邻。办公室、休息室设置在丙、丁类仓库内时，应采用耐火极限不低于2.50h的防火隔墙和1.00h的楼板与其他部位分隔，并应设置独立的安全出口。隔墙上需开设相互连通的门时，应采用乙级防火门。
GB50016-2014(2018年版),3.3.10-1,物流建筑的防火设计应符合下列规定：当建筑功能以分拣、加工等作业为主时，应按本规范有关厂房的规定确定，其中仓储部分应按中间仓库确定。
GB50016-2014(2018年版),3.3.10-2-1,物流建筑的防火设计应符合下列规定：当建筑功能以仓储为主或建筑难以区分主要功能时，应按本规范有关仓库的规定确定，但当分拣等作业区采用防火墙与储存区完全分隔时，作业区和储存区的防火要求可分别按本规范有关厂房和仓库的规定确定。其中，当分拣等作业区采用防火墙与储存区完全分隔且符合下列条件时，除自动化控制的丙类高架仓库外，储存区的防火分区最大允许建筑面积和储存区部分建筑的最大允许占地面积，可按本规范表3.3.2(不含注)的规定增加3.0倍：储存除可燃液体、棉、麻、丝、毛及其他纺织品、泡沫塑料等物品外的丙类物品且建筑的耐火等级不低于一级；
GB50016-2014(2018年版),3.3.10-2-2,物流建筑的防火设计应符合下列规定：当建筑功能以仓储为主或建筑难以区分主要功能时，应按本规范有关仓库的规定确定，但当分拣等作业区采用防火墙与储存区完全分隔时，作业区和储存区的防火要求可分别按本规范有关厂房和仓库的规定确定。其中，当分拣等作业区采用防火墙与储存区完全分隔且符合下列条件时，除自动化控制的丙类高架仓库外，储存区的防火分区最大允许建筑面积和储存区部分建筑的最大允许占地面积，可按本规范表3.3.2(不含注)的规定增加3.0倍：储存丁、戊类物品且建筑的耐火等级不低于二级；
GB50016-2014(2018年版),3.3.10-2-3,物流建筑的防火设计应符合下列规定：当建筑功能以仓储为主或建筑难以区分主要功能时，应按本规范有关仓库的规定确定，但当分拣等作业区采用防火墙与储存区完全分隔时，作业区和储存区的防火要求可分别按本规范有关厂房和仓库的规定确定。其中，当分拣等作业区采用防火墙与储存区完全分隔且符合下列条件时，除自动化控制的丙类高架仓库外，储存区的防火分区最大允许建筑面积和储存区部分建筑的最大允许占地面积，可按本规范表3.3.2(不含注)的规定增加3.0倍：建筑内全部设置自动水灭火系统和火灾自动报警系统。
GB50016-2014(2018年版),3.3.11,甲、乙类厂房(仓库)内不应设置铁路线。需要出入蒸汽机车和内燃机车的丙、丁、戊类厂房(仓库)，其屋顶应采用不燃材料或采取其他防火措施。
GB50016-2014(2018年版),3.4.2,甲类厂房与重要公共建筑的防火间距不应小于50m，与明火或散发火花地点的防火间距不应小于30m。
GB50016-2014(2018年版),3.4.4,高层厂房与甲、乙、丙类液体储罐，可燃、助燃气体储罐，液化石油气储罐，可燃材料堆场(除煤和焦炭场外)的防火间距，应符合本规范第4章的规定，且不应小于13m。
GB50016-2014(2018年版),3.4.5-1,丙、丁、戊类厂房与民用建筑的耐火等级均为一、二级时，丙、丁、戊类厂房与民用建筑的防火间距可适当减小，但应符合下列规定：当较高一面外墙为无门、窗、洞口的防火墙，或比相邻较低一座建筑屋面高15m及以下范围内的外墙为无门、窗、洞口的防火墙时，其防火间距不限；
GB50016-2014(2018年版),3.4.5-2,丙、丁、戊类厂房与民用建筑的耐火等级均为一、二级时，丙、丁、戊类厂房与民用建筑的防火间距可适当减小，但应符合下列规定：相邻较低一面外墙为防火墙，且屋顶无天窗或洞口、屋顶的耐火极限不低于1.00h，或相邻较高一面外墙为防火墙，且墙上开口部位采取了防火措施，其防火间距可适当减小，但不应小于4m。
GB50016-2014(2018年版),3.4.6,厂房外附设化学易燃物品的设备，其外壁与相邻厂房室外附设设备的外壁或相邻厂房外墙的防火间距，不应小于本规范第3.4.1条的规定。用不燃材料制作的室外设备，可按一、二级耐火等级建筑确定。总容量不大于15m3的丙类液体储罐，当直埋于厂房外墙外，且面向储罐一面4.0m范围内的外墙为防火墙时，其防火间距不限。
GB50016-2014(2018年版),3.4.7,同一座“U”形或“山”形厂房中相邻两翼之间的防火间距，不宜小于本规范第3.4.1条的规定，但当厂房的占地面积小于本规范第3.3.1条规定的每个防火分区最大允许建筑面积时，其防火间距可为6m。
GB50016-2014(2018年版),3.4.8,除高层厂房和甲类厂房外，其他类别的数座厂房占地面积之和小于本规范第3.3.1条规定的防火分区最大允许建筑面积(按其中较小者确定，但防火分区的最大允许建筑面积不限者，不应大于10000m2)时，可成组布置。当厂房建筑高度不大于7m时，组内厂房之间的防火间距不应小于4m；当厂房建筑高度大于7m时，组内厂房之间的防火间距不应小于6m。组与组或组与相邻建筑的防火间距，应根据相邻两座中耐火等级较低的建筑，按本规范第3.4.1条的规定确定。
GB50016-2014(2018年版),3.4.9,一级汽车加油站、一级汽车加气站和一级汽车加油加气合建站不应布置在城市建成区内。
GB50016-2014(2018年版),3.4.10,汽车加油、加气站和加油加气合建站的分级，汽车加油、加气站和加油加气合建站及其加油(气)机、储油(气)罐等与站外明火或散发火花地点、建筑、铁路、道路的防火间距以及站内各建筑或设施之间的防火间距，应符合现行国家标准《汽车加油加气站设计与施工规范》GB?50156的规定。
GB50016-2014(2018年版),3.4.11,电力系统电压为35kV～500kV且每台变压器容量不小于10MV·A的室外变、配电站以及工业企业的变压器总油量大于5t的室外降压变电站，与其他建筑的防火间距不应小于本规范第3.4.1条和第3.5.1条的规定。
GB50016-2014(2018年版),3.4.12,厂区围墙与厂区内建筑的间距不宜小于5m，围墙两侧建筑的间距应满足相应建筑的防火间距要求。
GB50016-2014(2018年版),3.5.5,库区围墙与库区内建筑的间距不宜小于5m，围墙两侧建筑的间距应满足相应建筑的防火间距要求。
GB50016-2014(2018年版),3.6.1,有爆炸危险的甲、乙类厂房宜独立设置，并宜采用敞开或半敞开式。其承重结构宜采用钢筋混凝土或钢框架、排架结构。
GB50016-2014(2018年版),3.6.2,有爆炸危险的厂房或厂房内有爆炸危险的部位应设置泄压设施。
GB50016-2014(2018年版),3.6.3,泄压设施宜采用轻质屋面板、轻质墙体和易于泄压的门、窗等，应采用安全玻璃等在爆炸时不产生尖锐碎片的材料。泄压设施的设置应避开人员密集场所和主要交通道路，并宜靠近有爆炸危险的部位。作为泄压设施的轻质屋面板和墙体的质量不宜大于60kg／m2。屋顶上的泄压设施应采取防冰雪积聚措施。
GB50016-2014(2018年版),3.6.5,散发较空气轻的可燃气体、可燃蒸气的甲类厂房，宜采用轻质屋面板作为泄压面积。顶棚应尽量平整、无死角，厂房上部空间应通风良好。
GB50016-2014(2018年版),3.6.6-1,散发较空气重的可燃气体、可燃蒸气的甲类厂房和有粉尘、纤维爆炸危险的乙类厂房。应符合下列规定：应采用不发火花的地面。采用绝缘材料作整体面层时，应采取防静电措施。
GB50016-2014(2018年版),3.6.6-2,散发较空气重的可燃气体、可燃蒸气的甲类厂房和有粉尘、纤维爆炸危险的乙类厂房。应符合下列规定：散发可燃粉尘、纤维的厂房，其内表面应平整、光滑，并易于清扫。
GB50016-2014(2018年版),3.6.6-3,散发较空气重的可燃气体、可燃蒸气的甲类厂房和有粉尘、纤维爆炸危险的乙类厂房。应符合下列规定：厂房内不宜设置地沟，确需设置时，其盖板应严密，地沟应采取防止可燃气体、可燃蒸气和粉尘、纤维在地沟积聚的有效措施，且应在与相邻厂房连通处采用防火材料密封。
GB50016-2014(2018年版),3.6.7,有爆炸危险的甲、乙类生产部位，宜布置在单层厂房靠外墙的泄压设施或多层厂房顶层靠外墙的泄压设施附近。有爆炸危险的设备宜避开厂房的梁、柱等主要承重构件布置。
GB50016-2014(2018年版),3.6.8,有爆炸危险的甲、乙类厂房的总控制室应独立设置。
GB50016-2014(2018年版),3.6.9,有爆炸危险的甲，乙类厂房的分控制室宜独立设置，当贴邻外墙设置时，应采用耐火极限不低于3.00h的防火隔墙与其他部位分隔。
GB50016-2014(2018年版),3.6.10,有爆炸危险区域内的楼梯间、室外楼梯或有爆炸危险的区域与相邻区域连通处，应设置门斗等防护措施。门斗的隔墙应为耐火极限不应低于2.00h的防火隔墙，门应采用甲级防火门并应与楼梯间的门错位设置。
GB50016-2014(2018年版),3.6.11,使用和生产甲、乙、丙类液体的厂房，其管、沟不应与相邻厂房的管、沟相通，下水道应设置隔油设施。
GB50016-2014(2018年版),3.6.12,甲、乙、丙类液体仓库应设置防止液体流散的设施。遇湿会发生燃烧爆炸的物品仓库应采取防止水浸渍的措施。
GB50016-2014(2018年版),3.6.13,有粉尘爆炸危险的筒仓，其顶部盖板应设置必要的泄压设施。粮食筒仓工作塔和上通廊的泄压面积应按本规范第3.6.4条的规定计算确定。有粉尘爆炸危险的其他粮食储存设施应采取防爆措施。
GB50016-2014(2018年版),3.6.14,有爆炸危险的仓库或仓库内有爆炸危险的部位，宜按本节规定采取防爆措施、设置泄压设施。
GB50016-2014(2018年版),3.7.1,厂房的安全出口应分散布置。每个防火分区或一个防火分区的每个楼层，其相邻2个安全出口最近边缘之间的水平距离不应小于5m。
GB50016-2014(2018年版),3.7.2-1,厂房内每个防火分区或一个防火分区内的每个楼层，其安全出口的数量应经计算确定，且不应少于2个；当符合下列条件时，可设置1个安全出口：甲类厂房，每层建筑面积不大于100m2。且同一时间的作业人数不超过5人；
GB50016-2014(2018年版),3.7.2-2,厂房内每个防火分区或一个防火分区内的每个楼层，其安全出口的数量应经计算确定，且不应少于2个；当符合下列条件时，可设置1个安全出口：乙类厂房，每层建筑面积不大于150m2，且同一时间的作业人数不超过10人；
GB50016-2014(2018年版),3.7.2-3,厂房内每个防火分区或一个防火分区内的每个楼层，其安全出口的数量应经计算确定，且不应少于2个；当符合下列条件时，可设置1个安全出口：丙类厂房，每层建筑面积不大于250m2，且同一时间的作业人数不超过20人；
GB50016-2014(2018年版),3.7.2-4,厂房内每个防火分区或一个防火分区内的每个楼层，其安全出口的数量应经计算确定，且不应少于2个；当符合下列条件时，可设置1个安全出口：丁、戊类厂房，每层建筑面积不大于400m2，且同一时间的作业人数不超过30人；
GB50016-2014(2018年版),3.7.2-5,厂房内每个防火分区或一个防火分区内的每个楼层，其安全出口的数量应经计算确定，且不应少于2个；当符合下列条件时，可设置1个安全出口：地下或半地下厂房(包括地下或半地下室)，每层建筑面积不大于50m2，且同一时间的作业人数不超过15人。
GB50016-2014(2018年版),3.7.3,地下或半地下厂房(包括地下或半地下室)，当有多个防火分区相邻布置，并采用防火墙分隔时，每个防火分区可利用防火墙上通向相邻防火分区的甲级防火门作为第二安全出口，但每个防火分区必须至少有1个直通室外的独立安全出口。
GB50016-2014(2018年版),3.7.6,高层厂房和甲、乙、丙类多层厂房的疏散楼梯应采用封闭楼梯间或室外楼梯。建筑高度大于32m且任一层人数超过10人的厂房，应采用防烟楼梯间或室外楼梯。
GB50016-2014(2018年版),3.8.1,仓库的安全出口应分散布置。每个防火分区或一个防火分区的每个楼层，其相邻2个安全出口最近边缘之间的水平距离不应小于5m。
GB50016-2014(2018年版),3.8.2,每座仓库的安全出口不应少于2个，当一座仓库的占地面积不大于300m2时，可设置1个安全出口。仓库内每个防火分区通向疏散走道、楼梯或室外的出口不宜少于2个，当防火分区的建筑面积不大于100m2时，可设置1个出口。通向疏散走道或楼梯的门应为乙级防火门。
GB50016-2014(2018年版),3.8.3,地下或半地下仓库(包括地下或半地下室)的安全出口不应少于2个；当建筑面积不大于100m2时，可设置1个安全出口。地下或半地下仓库(包括地下或半地下室)，当有多个防火分区相邻布置并采用防火墙分隔时，每个防火分区可利用防火墙上通向相邻防火分区的甲级防火门作为第二安全出口，但每个防火分区必须至少有1个直通室外的安全出口。
GB50016-2014(2018年版),3.8.4,冷库、粮食筒仓、金库的安全疏散设计应分别符合现行国家标准《冷库设计规范》GB?50072和《粮食钢板筒仓设计规范》GB?50322等标准的规定。
GB50016-2014(2018年版),3.8.5,粮食筒仓上层面积小于1000m2，且作业人数不超过2人时，可设置1个安全出口。
GB50016-2014(2018年版),3.8.6,仓库、筒仓中符合本规范第6.4.5条规定的室外金属梯，可作为疏散楼梯，但筒仓室外楼梯平台的耐火极限不应低于0.25h。
GB50016-2014(2018年版),3.8.7,高层仓库的疏散楼梯应采用封闭楼梯间。
GB50016-2014(2018年版),3.8.8,除一、二级耐火等级的多层戊类仓库外，其他仓库内供垂直运输物品的提升设施宜设置在仓库外，确需设置在仓库内时，应设置在井壁的耐火极限不低于2.00h的井筒内。室内外提升设施通向仓库的入口应设置乙级防火门或符合本规范第6.5.3条规定的防火卷帘。
GB50016-2014(2018年版),4.1.1,甲、乙、丙类液体储罐区，液化石油气储罐区，可燃、助燃气体储罐区和可燃材料堆场等，应布置在城市(区域)的边缘或相对独立的安全地带，并宜布置在城市(区域)全年最小频率风向的上风侧。甲、乙、丙类液体储罐(区)宜布置在地势较低的地带。当布置在地势较高的地带时，应采取安全防护设施。液化石油气储罐(区)宜布置在地势平坦、开阔等不易积存液化石油气的地带。
GB50016-2014(2018年版),4.1.2,桶装、瓶装甲类液体不应露天存放。
GB50016-2014(2018年版),4.1.3,液化石油气储罐组或储罐区的四周应设置高度不小于1.0m的不燃性实体防护墙。
GB50016-2014(2018年版),4.1.4,甲、乙、丙类液体储罐区，液化石油气储罐区，可燃、助燃气体储罐区和可燃材料堆场，应与装卸区、辅助生产区及办公区分开布置。
GB50016-2014(2018年版),4.1.5,甲、乙、丙类液体储罐，液化石油气储罐，可燃、助燃气体储罐和可燃材料堆垛，与架空电力线的最近水平距离应符合本规范第10.2.1条的规定。
GB50016-2014(2018年版),4.2.4,甲、乙、丙类液体的地上式、半地下式储罐区，其每个防火堤内宜布置火灾危险性类别相同或相近的储罐。沸溢性油品储罐不应与非沸溢性油品储罐布置在同一防火堤内。地上式、半地下式储罐不应与地下式储罐布置在同一防火堤内。
GB50016-2014(2018年版),4.2.5-1,甲、乙、丙类液体的地上式、半地下式储罐或储罐组，其四周应设置不燃性防火堤。防火堤的设置应符合下列规定：防火堤内的储罐布置不宜超过2排，单罐容量不大于1000m3且闪点大于120℃的液体储罐不宜超过4排。
GB50016-2014(2018年版),4.2.5-2,甲、乙、丙类液体的地上式、半地下式储罐或储罐组，其四周应设置不燃性防火堤。防火堤的设置应符合下列规定：防火堤的有效容量不应小于其中最大储罐的容量。对于浮顶罐，防火堤的有效容量可为其中最大储罐容量的一半。
GB50016-2014(2018年版),4.2.5-3,甲、乙、丙类液体的地上式、半地下式储罐或储罐组，其四周应设置不燃性防火堤。防火堤的设置应符合下列规定：防火堤内侧基脚线至立式储罐外壁的水平距离不应小于罐壁高度的一半。防火堤内侧基脚线至卧式储罐的水平距离不应小于3m。
GB50016-2014(2018年版),4.2.5-4,甲、乙、丙类液体的地上式、半地下式储罐或储罐组，其四周应设置不燃性防火堤。防火堤的设置应符合下列规定：防火堤的设计高度应比计算高度高出0.2m，且应为1.0m～2.2m，在防火堤的适当位置应设置便于灭火救援人员进出防火堤的踏步。
GB50016-2014(2018年版),4.2.5-5,甲、乙、丙类液体的地上式、半地下式储罐或储罐组，其四周应设置不燃性防火堤。防火堤的设置应符合下列规定：沸溢性油品的地上式、半地下式储罐。每个储罐均应设置一个防火堤或防火隔堤。
GB50016-2014(2018年版),4.2.5-6,甲、乙、丙类液体的地上式、半地下式储罐或储罐组，其四周应设置不燃性防火堤。防火堤的设置应符合下列规定：含油污水排水管应在防火堤的出口处设置水封设施，雨水排水管应设置阀门等封闭、隔离装置。
GB50016-2014(2018年版),4.2.6,甲类液体半露天堆场，乙、丙类液体桶装堆场和闪点大于120℃的液体储罐(区)，当采取了防止液体流散的设施时，可不设置防火堤。
GB50016-2014(2018年版),4.2.10,零位罐与所属铁路装卸线的距离不应小于6m。
GB50016-2014(2018年版),4.2.11,石油库的储罐(区)与建筑的防火间距，石油库内的储罐布置和防火间距以及储罐与泵房、装卸鹤管等库内建筑的防火间距，应符合现行国家标准《石油库设计规范》GB?50074的规定。
GB50016-2014(2018年版),4.3.4-1,液氧储罐与建筑物、储罐、堆场等的防火间距应符合本规范第4.3.3条相应容积湿式氧气储罐防火间距的规定。液氧储罐与其泵房的间距不宜小于3m。总容积小于或等于3m3的液氧储罐与其使用建筑的防火间距应符合下列规定：当设置在独立的一、二级耐火等级的专用建筑物内时，其防火间距不应小于10m；
GB50016-2014(2018年版),4.3.4-2,液氧储罐与建筑物、储罐、堆场等的防火间距应符合本规范第4.3.3条相应容积湿式氧气储罐防火间距的规定。液氧储罐与其泵房的间距不宜小于3m。总容积小于或等于3m3的液氧储罐与其使用建筑的防火间距应符合下列规定：当设置在独立的一、二级耐火等级的专用建筑物内，且面向使用建筑物一侧采用无门窗洞口的防火墙隔开时，其防火间距不限；
GB50016-2014(2018年版),4.3.4-3,液氧储罐与建筑物、储罐、堆场等的防火间距应符合本规范第4.3.3条相应容积湿式氧气储罐防火间距的规定。液氧储罐与其泵房的间距不宜小于3m。总容积小于或等于3m3的液氧储罐与其使用建筑的防火间距应符合下列规定：当低温储存的液氧储罐采取了防火措施时，其防火间距不应小于5m。
GB50016-2014(2018年版),4.3.4-1),医疗卫生机构中的医用液氧储罐气源站的液氧储罐应符合下列规定：单罐容积不应大于5m3，总容积不宜大于20m3，
GB50016-2014(2018年版),4.3.4-2),医疗卫生机构中的医用液氧储罐气源站的液氧储罐应符合下列规定：相邻储罐之间的距离不应小于最大储罐直径的0.75倍；
GB50016-2014(2018年版),4.3.4-3),医疗卫生机构中的医用液氧储罐气源站的液氧储罐应符合下列规定：医用液氧储罐与医疗卫生机构外建筑的防火间距应符合本规范第4.3.3条的规定，与医疗卫生机构内建筑的防火间距应符合现行国家标准《医用气体工程技术规范》GB?50751的规定。
GB50016-2014(2018年版),4.3.5,?液氧储罐周围5m范围内不应有可燃物和沥青路面。
GB50016-2014(2018年版),4.3.7,液氢、液氨储罐与建筑物、储罐、堆场等的防火间距可按本规范第4.4.1条相应容积液化石油气储罐防火间距的规定减少25％确定。
GB50016-2014(2018年版),4.4.2,液化石油气储罐之间的防火间距不应小于相邻较大罐的直径。数个储罐的总容积大于3000m3时，应分组布置，组内储罐宜采用单排布置。组与组相邻储罐之间的防火间距不应小于20m。
GB50016-2014(2018年版),4.4.3,液化石油气储罐与所属泵房的防火间距不应小于15m。当泵房面向储罐一侧的外墙采用无门、窗、洞口的防火墙时，防火间距可减至6m。液化石油气泵露天设置在储罐区内时，储罐与泵的防火间距不限。
GB50016-2014(2018年版),4.4.4,全冷冻式液化石油气储罐、液化石油气气化站、混气站的储罐与周围建筑的防火间距，应符合现行国家标准《城镇燃气设计规范》GB?50028的规定。工业企业内总容积不大于10m3的液化石油气气化站、混气站的储罐，当设置在专用的独立建筑内时，建筑外墙与相邻厂房及其附属设备的防火间距可按甲类厂房有关防火间距的规定确定。当露天设置时，与建筑物、储罐、堆场等的防火间距应符合现行国家标准《城镇燃气设计规范》GB?50028的规定。
GB50016-2014(2018年版),4.4.6,Ⅰ级瓶装液化石油气供应站的四周宜设置不燃性实体围墙，但面向出入口一侧可设置不燃性非实体围墙。Ⅱ级瓶装液化石油气供应站的四周宜设置不燃性实体围墙，或下部实体部分高度不低于0.6m的围墙。
GB50016-2014(2018年版),4.5.2,露天、半露天可燃材料堆场与甲、乙、丙类液体储罐的防火间距，不应小于本规范表4.2.1和表4.5.1中相应储量堆场与四级耐火等级建筑物防火间距的较大值。
GB50016-2014(2018年版),5.1.3-1,民用建筑的耐火等级应根据其建筑高度、使用功能、重要性和火灾扑救难度等确定，并应符合下列规定：地下或半地下建筑(室)和一类高层建筑的耐火等级不应低于一级；
GB50016-2014(2018年版),5.1.3-2,民用建筑的耐火等级应根据其建筑高度、使用功能、重要性和火灾扑救难度等确定，并应符合下列规定：单、多层重要公共建筑和二类高层建筑的耐火等级不应低于二级。
GB50016-2014(2018年版),5.1.3A,除木结构建筑外，老年人照料设施的耐火等级不应低于三级。
GB50016-2014(2018年版),5.1.4,建筑高度大于100m的民用建筑，其楼板的耐火极限不应低于2.00h。一、二级耐火等级建筑的上人平屋顶，其屋面板的耐火极限分别不应低于1.50h和1.00h。
GB50016-2014(2018年版),5.1.5,一、二级耐火等级建筑的屋面板应采用不燃材料。屋面防水层宜采用不燃、难燃材料，当采用可燃防水材料且铺设在可燃、难燃保温材料上时，防水材料或可燃、难燃保温材料应采用不燃材料作防护层。
GB50016-2014(2018年版),5.1.6,二级耐火等级建筑内采用难燃性墙体的房间隔墙，其耐火极限不应低于0.75h；当房间的建筑面积不大于100m2时，房间隔墙可采用耐火极限不低于0.50h的难燃性墙体或耐火极限不低于0.30h的不燃性墙体。二级耐火等级多层住宅建筑内采用预应力钢筋混凝土的楼板，其耐火极限不应低于0.75h。
GB50016-2014(2018年版),5.1.8,二级耐火等级建筑内采用不燃材料的吊顶，其耐火极限不限。三级耐火等级的医疗建筑、中小学校的教学建筑、老年人照料设施及托儿所、幼儿园的儿童用房和儿童游乐厅等儿童活动场所的吊顶，应采用不燃材料；当采用难燃材料时，其耐火极限不应低于0.25h。?二级和三级耐火等级建筑内门厅、走道的吊顶应采用不燃材料。
GB50016-2014(2018年版),5.2.3,民用建筑与单独建造的变电站的防火间距应符合本规范第3.4.1条有关室外变、配电站的规定，但与单独建造的终端变电站的防火间距，可根据变电站的耐火等级按本规范第5.2.2条有关民用建筑的规定确定。民用建筑与10kV及以下的预装式变电站的防火间距不应小于3m。民用建筑与燃油、燃气或燃煤锅炉房的防火间距应符合本规范第3.4.1条有关丁类厂房的规定，但与单台蒸汽锅炉的蒸发量不大于4t／h或单台热水锅炉的额定热功率不大于2.8MW的燃煤锅炉房的防火间距，可根据锅炉房的耐火等级按本规范第5.2.2条有关民用建筑的规定确定。
GB50016-2014(2018年版),5.2.4,除高层民用建筑外，数座一、二级耐火等级的住宅建筑或办公建筑，当建筑物的占地面积总和不大于2500m2时，可成组布置，但组内建筑物之间的间距不宜小于4m。组与组或组与相邻建筑物的防火间距不应小于本规范第5.2.2条的规定。
GB50016-2014(2018年版),5.2.6,建筑高度大于100m的民用建筑与相邻建筑的防火间距。当符合本规范第3.4.5条、第3.5.3条、第4.2.1条和第5.2.2条允许减小的条件时，仍不应减小。
GB50016-2014(2018年版),5.3.1A,独立建造的一、二级耐火等级老年人照料设施的建筑高度不宜大于32m，不应大于54m；独立建造的三级耐火等级老年人照料设施，不应超过2层。
GB50016-2014(2018年版),5.3.2-1,建筑内设置自动扶梯、敞开楼梯等上、下层相连通的开口时，其防火分区的建筑面积应按上、下层相连通的建筑面积叠加计算；当叠加计算后的建筑面积大于本规范第5.3.1条的规定时，应划分防火分区。建筑内设置中庭时，其防火分区的建筑面积应按上、下层相连通的建筑面积叠加计算；当叠加计算后的建筑面积大于本规范第5.3.1条的规定时，应符合下列规定：与周围连通空间应进行防火分隔：采用防火隔墙时，其耐火极限不应低于1.00h；采用防火玻璃墙时，其耐火隔热性和耐火完整性不应低于1.00h。采用耐火完整性不低于1.00h的非隔热性防火玻璃墙时，应设置自动喷水灭火系统进行保护；采用防火卷帘时，其耐火极限不应低于3.00h，并应符合本规范第6.5.3条的规定；与中庭相连通的门、窗，应采用火灾时能自行关闭的甲级防火门、窗；
GB50016-2014(2018年版),5.3.2-2,建筑内设置自动扶梯、敞开楼梯等上、下层相连通的开口时，其防火分区的建筑面积应按上、下层相连通的建筑面积叠加计算；当叠加计算后的建筑面积大于本规范第5.3.1条的规定时，应划分防火分区。建筑内设置中庭时，其防火分区的建筑面积应按上、下层相连通的建筑面积叠加计算；当叠加计算后的建筑面积大于本规范第5.3.1条的规定时，应符合下列规定：与周围连通空间应进行防火分隔：采用防火隔墙时，其耐火极限不应低于1.00h；采用防火玻璃墙时，其耐火隔热性和耐火完整性不应低于1.00h。采用耐火完整性不低于1.00h的非隔热性防火玻璃墙时，应设置自动喷水灭火系统进行保护；采用防火卷帘时，其耐火极限不应低于3.00h，并应符合本规范第6.5.3条的规定；与中庭相连通的门、窗，应采用火灾时能自行关闭的甲级防火门、窗；
GB50016-2014(2018年版),5.3.2-3,建筑内设置自动扶梯、敞开楼梯等上、下层相连通的开口时，其防火分区的建筑面积应按上、下层相连通的建筑面积叠加计算；当叠加计算后的建筑面积大于本规范第5.3.1条的规定时，应划分防火分区。建筑内设置中庭时，其防火分区的建筑面积应按上、下层相连通的建筑面积叠加计算；当叠加计算后的建筑面积大于本规范第5.3.1条的规定时，应符合下列规定：与周围连通空间应进行防火分隔：采用防火隔墙时，其耐火极限不应低于1.00h；采用防火玻璃墙时，其耐火隔热性和耐火完整性不应低于1.00h。采用耐火完整性不低于1.00h的非隔热性防火玻璃墙时，应设置自动喷水灭火系统进行保护；采用防火卷帘时，其耐火极限不应低于3.00h，并应符合本规范第6.5.3条的规定；与中庭相连通的门、窗，应采用火灾时能自行关闭的甲级防火门、窗；
GB50016-2014(2018年版),5.3.2-4,建筑内设置自动扶梯、敞开楼梯等上、下层相连通的开口时，其防火分区的建筑面积应按上、下层相连通的建筑面积叠加计算；当叠加计算后的建筑面积大于本规范第5.3.1条的规定时，应划分防火分区。建筑内设置中庭时，其防火分区的建筑面积应按上、下层相连通的建筑面积叠加计算；当叠加计算后的建筑面积大于本规范第5.3.1条的规定时，应符合下列规定：与周围连通空间应进行防火分隔：采用防火隔墙时，其耐火极限不应低于1.00h；采用防火玻璃墙时，其耐火隔热性和耐火完整性不应低于1.00h。采用耐火完整性不低于1.00h的非隔热性防火玻璃墙时，应设置自动喷水灭火系统进行保护；采用防火卷帘时，其耐火极限不应低于3.00h，并应符合本规范第6.5.3条的规定；与中庭相连通的门、窗，应采用火灾时能自行关闭的甲级防火门、窗；
GB50016-2014(2018年版),5.3.4-1,一、二级耐火等级建筑内的商店营业厅、展览厅，当设置自动灭火系统和火灾自动报警系统并采用不燃或难燃装修材料时，其每个防火分区的最大允许建筑面积应符合下列规定：设置在高层建筑内时，不应大于4000m2；
GB50016-2014(2018年版),5.3.4-2,一、二级耐火等级建筑内的商店营业厅、展览厅，当设置自动灭火系统和火灾自动报警系统并采用不燃或难燃装修材料时，其每个防火分区的最大允许建筑面积应符合下列规定：设置在单层建筑或仅设置在多层建筑的首层内时，不应大于10000m2；
GB50016-2014(2018年版),5.3.4-3,一、二级耐火等级建筑内的商店营业厅、展览厅，当设置自动灭火系统和火灾自动报警系统并采用不燃或难燃装修材料时，其每个防火分区的最大允许建筑面积应符合下列规定：设置在地下或半地下时，不应大于2000m2。
GB50016-2014(2018年版),5.3.5-1,总建筑面积大于20000m2的地下或半地下商店，应采用无门、窗、洞口的防火墙、耐火极限不低于2.00h的楼板分隔为多个建筑面积不大于20000m2的区域。相邻区域确需局部连通时，应采用下沉式广场等室外开敞空间、防火隔间、避难走道、防烟楼梯间等方式进行连通，并应符合下列规定：下沉式广场等室外开敞空间应能防止相邻区域的火灾蔓延和便于安全疏散，并应符合本规范第6.4.12条的规定；
GB50016-2014(2018年版),5.3.5-2,总建筑面积大于20000m2的地下或半地下商店，应采用无门、窗、洞口的防火墙、耐火极限不低于2.00h的楼板分隔为多个建筑面积不大于20000m2的区域。相邻区域确需局部连通时，应采用下沉式广场等室外开敞空间、防火隔间、避难走道、防烟楼梯间等方式进行连通，并应符合下列规定：防火隔间的墙应为耐火极限不低于3.00h的防火隔墙，并应符合本规范第6.4.13条的规定；
GB50016-2014(2018年版),5.3.5-3,总建筑面积大于20000m2的地下或半地下商店，应采用无门、窗、洞口的防火墙、耐火极限不低于2.00h的楼板分隔为多个建筑面积不大于20000m2的区域。相邻区域确需局部连通时，应采用下沉式广场等室外开敞空间、防火隔间、避难走道、防烟楼梯间等方式进行连通，并应符合下列规定：避难走道应符合本规范第6.4.14条的规定；
GB50016-2014(2018年版),5.3.5-4,总建筑面积大于20000m2的地下或半地下商店，应采用无门、窗、洞口的防火墙、耐火极限不低于2.00h的楼板分隔为多个建筑面积不大于20000m2的区域。相邻区域确需局部连通时，应采用下沉式广场等室外开敞空间、防火隔间、避难走道、防烟楼梯间等方式进行连通，并应符合下列规定：防烟楼梯间的门应采用甲级防火门。
GB50016-2014(2018年版),5.3.6-1,餐饮、商店等商业设施通过有顶棚的步行街连接，且步行街两侧的建筑需利用步行街进行安全疏散时，应符合下列规定：步行街两侧建筑的耐火等级不应低于二级。
GB50016-2014(2018年版),5.3.6-2,餐饮、商店等商业设施通过有顶棚的步行街连接，且步行街两侧的建筑需利用步行街进行安全疏散时，应符合下列规定：步行街两侧建筑相对面的最近距离均不应小于本规范对相应高度建筑的防火间距要求且不应小于9m。步行街的端部在各层均不宜封闭，确需封闭时，应在外墙上设置可开启的门窗，且可开启门窗的面积不应小于该部位外墙面积的一半。步行街的长度不宜大于300m。
GB50016-2014(2018年版),5.3.6-3,餐饮、商店等商业设施通过有顶棚的步行街连接，且步行街两侧的建筑需利用步行街进行安全疏散时，应符合下列规定：步行街两侧建筑的商铺之间应设置耐火极限不低于2.00h的防火隔墙，每间商铺的建筑面积不宜大于300m2。
GB50016-2014(2018年版),5.3.6-4,餐饮、商店等商业设施通过有顶棚的步行街连接，且步行街两侧的建筑需利用步行街进行安全疏散时，应符合下列规定：步行街两侧建筑的商铺，其面向步行街一侧的围护构件的耐火极限不应低于1.00h，并宜采用实体墙，其门、窗应采用乙级防火门、窗；当采用防火玻璃墙(包括门、窗)时，其耐火隔热性和耐火完整性不应低于1.00h；当采用耐火完整性不低于1.00h的非隔热性防火玻璃墙(包括门、窗)时，应设置闭式自动喷水灭火系统进行保护。相邻商铺之间面向步行街一侧应设置宽度不小于1.0m、耐火极限不低于1.00h的实体墙。当步行街两侧的建筑为多个楼层时，每层面向步行街一侧的商铺均应设置防止火灾竖向蔓延的措施，并应符合本规范第6.2.5条的规定；设置回廊或挑檐时，其出挑宽度不应小于1.2m；步行街两侧的商铺在上部各层需设置回廊和连接天桥时，应保证步行街上部各层楼板的开口面积不应小于步行街地面面积的37％，且开口宜均匀布置。
GB50016-2014(2018年版),5.3.6-5,餐饮、商店等商业设施通过有顶棚的步行街连接，且步行街两侧的建筑需利用步行街进行安全疏散时，应符合下列规定：步行街两侧建筑内的疏散楼梯应靠外墙设置并宜直通室外，确有困难时，可在首层直接通至步行街；首层商铺的疏散门可直接通至步行街，步行街内任一点到达最近室外安全地点的步行距离不应大于60m。步行街两侧建筑二层及以上各层商铺的疏散门至该层最近疏散楼梯口或其他安全出口的直线距离不应大于37.5m。
GB50016-2014(2018年版),5.3.6-6,餐饮、商店等商业设施通过有顶棚的步行街连接，且步行街两侧的建筑需利用步行街进行安全疏散时，应符合下列规定：步行街的顶棚材料应采用不燃或难燃材料，其承重结构的耐火极限不应低于1.00h。步行街内不应布置可燃物。
GB50016-2014(2018年版),5.3.6-7,餐饮、商店等商业设施通过有顶棚的步行街连接，且步行街两侧的建筑需利用步行街进行安全疏散时，应符合下列规定：步行街的顶棚下檐距地面的高度不应小于6.0m，顶棚应设置自然排烟设施并宜采用常开式的排烟口，且自然排烟口的有效面积不应小于步行街地面面积的25％。常闭式自然排烟设施应能在火灾时手动和自动开启。
GB50016-2014(2018年版),5.3.6-8,餐饮、商店等商业设施通过有顶棚的步行街连接，且步行街两侧的建筑需利用步行街进行安全疏散时，应符合下列规定：步行街两侧建筑的商铺外应每隔30m设置DN65的消火栓，并应配备消防软管卷盘或消防水龙，商铺内应设置自动喷水灭火系统和火灾自动报警系统；每层回廊均应设置自动喷水灭火系统。步行街内宜设置自动跟踪定位射流灭火系统。
GB50016-2014(2018年版),5.3.6-9,餐饮、商店等商业设施通过有顶棚的步行街连接，且步行街两侧的建筑需利用步行街进行安全疏散时，应符合下列规定：步行街两侧建筑的商铺内外均应设置疏散照明、灯光疏散指示标志和消防应急广播系统。
GB50016-2014(2018年版),5.4.3,商店建筑、展览建筑采用三级耐火等级建筑时，不应超过2层；采用四级耐火等级建筑时，应为单层。营业厅、展览厅设置在三级耐火等级的建筑内时，应布置在首层或二层；设置在四级耐火等级的建筑内时，应布置在首层。营业厅、展览厅不应设置在地下三层及以下楼层。地下或半地下营业厅、展览厅不应经营、储存和展示甲、乙类火灾危险性物品。
GB50016-2014(2018年版),5.4.4-1,托儿所、幼儿园的儿童用房和儿童游乐厅等儿童活动场所宜设置在独立的建筑内，且不应设置在地下或半地下；当采用一、二级耐火等级的建筑时，不应超过3层；采用三级耐火等级的建筑时，不应超过2层；采用四级耐火等级的建筑时，应为单层；确需设置在其他民用建筑内时，应符合下列规定：设置在一、二级耐火等级的建筑内时，应布置在首层、二层或三层；
GB50016-2014(2018年版),5.4.4-2,托儿所、幼儿园的儿童用房和儿童游乐厅等儿童活动场所宜设置在独立的建筑内，且不应设置在地下或半地下；当采用一、二级耐火等级的建筑时，不应超过3层；采用三级耐火等级的建筑时，不应超过2层；采用四级耐火等级的建筑时，应为单层；确需设置在其他民用建筑内时，应符合下列规定：设置在三级耐火等级的建筑内时，应布置在首层或二层；
GB50016-2014(2018年版),5.4.4-3,托儿所、幼儿园的儿童用房和儿童游乐厅等儿童活动场所宜设置在独立的建筑内，且不应设置在地下或半地下；当采用一、二级耐火等级的建筑时，不应超过3层；采用三级耐火等级的建筑时，不应超过2层；采用四级耐火等级的建筑时，应为单层；确需设置在其他民用建筑内时，应符合下列规定：设置在四级耐火等级的建筑内时，应布置在首层；
GB50016-2014(2018年版),5.4.4-4,托儿所、幼儿园的儿童用房和儿童游乐厅等儿童活动场所宜设置在独立的建筑内，且不应设置在地下或半地下；当采用一、二级耐火等级的建筑时，不应超过3层；采用三级耐火等级的建筑时，不应超过2层；采用四级耐火等级的建筑时，应为单层；确需设置在其他民用建筑内时，应符合下列规定：设置在高层建筑内时，应设置独立的安全出口和疏散楼梯；
GB50016-2014(2018年版),5.4.4-5,托儿所、幼儿园的儿童用房和儿童游乐厅等儿童活动场所宜设置在独立的建筑内，且不应设置在地下或半地下；当采用一、二级耐火等级的建筑时，不应超过3层；采用三级耐火等级的建筑时，不应超过2层；采用四级耐火等级的建筑时，应为单层；确需设置在其他民用建筑内时，应符合下列规定：设置在单、多层建筑内时，宜设置独立的安全出口和疏散楼梯。
GB50016-2014(2018年版),5.4.4B,当老年人照料设施中的老年人公共活动用房、康复与医疗用房设置在地下、半地下时，应设置在地下一层，每间用房的建筑面积不应大于200m2且使用人数不应大于30人。老年人照料设施中的老年人公共活动用房、康复与医疗用房设置在地上四层及以上时，每间用房的建筑面积不应大于200m2且使用人数不应大于30人。
GB50016-2014(2018年版),5.4.5,医院和疗养院的住院部分不应设置在地下或半地下。医院和疗养院的住院部分采用三级耐火等级建筑时，不应超过2层；采用四级耐火等级建筑时，应为单层；设置在三级耐火等级的建筑内时，应布置在首层或二层；设置在四级耐火等级的建筑内时，应布置在首层。医院和疗养院的病房楼内相邻护理单元之间应采用耐火极限不低于2.00h的防火隔墙分隔，隔墙上的门应采用乙级防火门，设置在走道上的防火门应采用常开防火门。
GB50016-2014(2018年版),5.4.6,教学建筑、食堂、菜市场采用三级耐火等级建筑时，不应超过2层；采用四级耐火等级建筑时，应为单层；设置在三级耐火等级的建筑内时，应布置在首层或二层；设置在四级耐火等级的建筑内时，应布置在首层。
GB50016-2014(2018年版),5.4.7-1,剧场、电影院、礼堂宜设置在独立的建筑内；采用三级耐火等级建筑时，不应超过2层；确需设置在其他民用建筑内时，至少应设置1个独立的安全出口和疏散楼梯，并应符合下列规定：应采用耐火极限不低于2.00h的防火隔墙和甲级防火门与其他区域分隔。
GB50016-2014(2018年版),5.4.7-2,剧场、电影院、礼堂宜设置在独立的建筑内；采用三级耐火等级建筑时，不应超过2层；确需设置在其他民用建筑内时，至少应设置1个独立的安全出口和疏散楼梯，并应符合下列规定：设置在一、二级耐火等级的建筑内时，观众厅宜布置在首层、二层或三层；确需布置在四层及以上楼层时，一个厅、室的疏散门不应少于2个，且每个观众厅的建筑面积不宜大于400m2。
GB50016-2014(2018年版),5.4.7-3,剧场、电影院、礼堂宜设置在独立的建筑内；采用三级耐火等级建筑时，不应超过2层；确需设置在其他民用建筑内时，至少应设置1个独立的安全出口和疏散楼梯，并应符合下列规定：设置在三级耐火等级的建筑内时，不应布置在三层及以上楼层。
GB50016-2014(2018年版),5.4.7-4,剧场、电影院、礼堂宜设置在独立的建筑内；采用三级耐火等级建筑时，不应超过2层；确需设置在其他民用建筑内时，至少应设置1个独立的安全出口和疏散楼梯，并应符合下列规定：设置在地下或半地下时，宜设置在地下一层，不应设置在地下三层及以下楼层。
GB50016-2014(2018年版),5.4.7-5,剧场、电影院、礼堂宜设置在独立的建筑内；采用三级耐火等级建筑时，不应超过2层；确需设置在其他民用建筑内时，至少应设置1个独立的安全出口和疏散楼梯，并应符合下列规定：设置在高层建筑内时，应设置火灾自动报警系统及自动喷水灭火系统等自动灭火系统。
GB50016-2014(2018年版),5.4.8-1,建筑内的会议厅、多功能厅等人员密集的场所，宜布置在首层、二层或三层。设置在三级耐火等级的建筑内时，不应布置在三层及以上楼层。确需布置在一、二级耐火等级建筑的其他楼层时，应符合下列规定：一个厅、室的疏散门不应少于2个，且建筑面积不宜大于400m2；
GB50016-2014(2018年版),5.4.8-2,建筑内的会议厅、多功能厅等人员密集的场所，宜布置在首层、二层或三层。设置在三级耐火等级的建筑内时，不应布置在三层及以上楼层。确需布置在一、二级耐火等级建筑的其他楼层时，应符合下列规定：设置在地下或半地下时，宜设置在地下一层，不应设置在地下三层及以下楼层；
GB50016-2014(2018年版),5.4.8-3,建筑内的会议厅、多功能厅等人员密集的场所，宜布置在首层、二层或三层。设置在三级耐火等级的建筑内时，不应布置在三层及以上楼层。确需布置在一、二级耐火等级建筑的其他楼层时，应符合下列规定：设置在高层建筑内时，应设置火灾自动报警系统和自动喷水灭火系统等自动灭火系统。
GB50016-2014(2018年版),5.4.9-1,歌舞厅、录像厅、夜总会、卡拉OK厅(含具有卡拉OK功能的餐厅)、游艺厅(含电子游艺厅)、桑拿浴室(不包括洗浴部分)、网吧等歌舞娱乐放映游艺场所(不含剧场、电影院)的布置应符合下列规定：不应布置在地下二层及以下楼层；
GB50016-2014(2018年版),5.4.9-2,歌舞厅、录像厅、夜总会、卡拉OK厅(含具有卡拉OK功能的餐厅)、游艺厅(含电子游艺厅)、桑拿浴室(不包括洗浴部分)、网吧等歌舞娱乐放映游艺场所(不含剧场、电影院)的布置应符合下列规定：宜布置在一、二级耐火等级建筑内的首层、二层或三层的靠外墙部位；
GB50016-2014(2018年版),5.4.9-3,歌舞厅、录像厅、夜总会、卡拉OK厅(含具有卡拉OK功能的餐厅)、游艺厅(含电子游艺厅)、桑拿浴室(不包括洗浴部分)、网吧等歌舞娱乐放映游艺场所(不含剧场、电影院)的布置应符合下列规定：不宜布置在袋形走道的两侧或尽端；
GB50016-2014(2018年版),5.4.9-4,歌舞厅、录像厅、夜总会、卡拉OK厅(含具有卡拉OK功能的餐厅)、游艺厅(含电子游艺厅)、桑拿浴室(不包括洗浴部分)、网吧等歌舞娱乐放映游艺场所(不含剧场、电影院)的布置应符合下列规定：确需布置在地下一层时，地下一层的地面与室外出入口地坪的高差不应大于10m；
GB50016-2014(2018年版),5.4.9-5,歌舞厅、录像厅、夜总会、卡拉OK厅(含具有卡拉OK功能的餐厅)、游艺厅(含电子游艺厅)、桑拿浴室(不包括洗浴部分)、网吧等歌舞娱乐放映游艺场所(不含剧场、电影院)的布置应符合下列规定：确需布置在地下或四层及以上楼层时，一个厅、室的建筑面积不应大于200m2；
GB50016-2014(2018年版),5.4.9-6,歌舞厅、录像厅、夜总会、卡拉OK厅(含具有卡拉OK功能的餐厅)、游艺厅(含电子游艺厅)、桑拿浴室(不包括洗浴部分)、网吧等歌舞娱乐放映游艺场所(不含剧场、电影院)的布置应符合下列规定：厅、室之间及与建筑的其他部位之间，应采用耐火极限不低于2.00h的防火隔墙和1.00h的不燃性楼板分隔，设置在厅、室墙上的门和该场所与建筑内其他部位相通的门均应采用乙级防火门。
GB50016-2014(2018年版),5.4.10-1,除商业服务网点外，住宅建筑与其他使用功能的建筑合建时，应符合下列规定：住宅部分与非住宅部分之间，应采用耐火极限不低于2.00h且无门、窗、洞口的防火隔墙和1.50h的不燃性楼板完全分隔；当为高层建筑时，应采用无门、窗、洞口的防火墙和耐火极限不低于2.00h的不燃性楼板完全分隔。建筑外墙上、下层开口之间的防火措施应符合本规范第6.2.5条的规定。
GB50016-2014(2018年版),5.4.10-2,除商业服务网点外，住宅建筑与其他使用功能的建筑合建时，应符合下列规定：住宅部分与非住宅部分的安全出口和疏散楼梯应分别独立设置；为住宅部分服务的地上车库应设置独立的疏散楼梯或安全出口，地下车库的疏散楼梯应按本规范第6.4.4条的规定进行分隔。
GB50016-2014(2018年版),5.4.10-3,除商业服务网点外，住宅建筑与其他使用功能的建筑合建时，应符合下列规定：住宅部分和非住宅部分的安全疏散、防火分区和室内消防设施配置，可根据各自的建筑高度分别按照本规范有关住宅建筑和公共建筑的规定执行；该建筑的其他防火设计应根据建筑的总高度和建筑规模按本规范有关公共建筑的规定执行。
GB50016-2014(2018年版),5.4.11?,设置商业服务网点的住宅建筑，其居住部分与商业服务网点之间应采用耐火极限不低于2.00h且无门、窗、洞口的防火隔墙和1.50h的不燃性楼板完全分隔，住宅部分和商业服务网点部分的安全出口和疏散楼梯应分别独立设置。商业服务网点中每个分隔单元之间应采用耐火极限不低于2.00h且无门、窗、洞口的防火隔墙相互分隔，当每个分隔单元任一层建筑面积大于200m2时，该层应设置2个安全出口或疏散门。每个分隔单元内的任一点至最近直通室外的出口的直线距离不应大于本规范表
GB50016-2014(2018年版),5.4.12-1,燃油或燃气锅炉、油浸变压器、充有可燃油的高压电容器和多油开关等，宜设置在建筑外的专用房间内；确需贴邻民用建筑布置时，应采用防火墙与所贴邻的建筑分隔，且不应贴邻人员密集场所，该专用房间的耐火等级不应低于二级；确需布置在民用建筑内时，不应布置在人员密集场所的上一层、下一层或贴邻，并应符合下列规定：燃油或燃气锅炉房、变压器室应设置在首层或地下一层的靠外墙部位，但常(负)压燃油或燃气锅炉可设置在地下二层或屋顶上。设置在屋顶上的常(负)压燃气锅炉，距离通向屋面的安全出口不应小于6m。采用相对密度(与空气密度的比值)不小于0.75的可燃气体为燃料的锅炉，不得设置在地下或半地下。
GB50016-2014(2018年版),5.4.12-2,燃油或燃气锅炉、油浸变压器、充有可燃油的高压电容器和多油开关等，宜设置在建筑外的专用房间内；确需贴邻民用建筑布置时，应采用防火墙与所贴邻的建筑分隔，且不应贴邻人员密集场所，该专用房间的耐火等级不应低于二级；确需布置在民用建筑内时，不应布置在人员密集场所的上一层、下一层或贴邻，并应符合下列规定：锅炉房、变压器室的疏散门均应直通室外或安全出口。
GB50016-2014(2018年版),5.4.12-3,燃油或燃气锅炉、油浸变压器、充有可燃油的高压电容器和多油开关等，宜设置在建筑外的专用房间内；确需贴邻民用建筑布置时，应采用防火墙与所贴邻的建筑分隔，且不应贴邻人员密集场所，该专用房间的耐火等级不应低于二级；确需布置在民用建筑内时，不应布置在人员密集场所的上一层、下一层或贴邻，并应符合下列规定：锅炉房、变压器室等与其他部位之间应采用耐火极限不低于2.00h的防火隔墙和1.50h的不燃性楼板分隔。在隔墙和楼板上不应开设洞口，确需在隔墙上设置门、窗时，应采用甲级防火门、窗。
GB50016-2014(2018年版),5.4.12-4,燃油或燃气锅炉、油浸变压器、充有可燃油的高压电容器和多油开关等，宜设置在建筑外的专用房间内；确需贴邻民用建筑布置时，应采用防火墙与所贴邻的建筑分隔，且不应贴邻人员密集场所，该专用房间的耐火等级不应低于二级；确需布置在民用建筑内时，不应布置在人员密集场所的上一层、下一层或贴邻，并应符合下列规定：锅炉房内设置储油间时，其总储存量不应大于1m3，且储油间应采用耐火极限不低于3.00h的防火隔墙与锅炉间分隔；确需在防火隔墙上设置门时，应采用甲级防火门。
GB50016-2014(2018年版),5.4.12-5,燃油或燃气锅炉、油浸变压器、充有可燃油的高压电容器和多油开关等，宜设置在建筑外的专用房间内；确需贴邻民用建筑布置时，应采用防火墙与所贴邻的建筑分隔，且不应贴邻人员密集场所，该专用房间的耐火等级不应低于二级；确需布置在民用建筑内时，不应布置在人员密集场所的上一层、下一层或贴邻，并应符合下列规定：变压器室之间、变压器室与配电室之间，应设置耐火极限不低于2.00h的防火隔墙。
GB50016-2014(2018年版),5.4.12-6,燃油或燃气锅炉、油浸变压器、充有可燃油的高压电容器和多油开关等，宜设置在建筑外的专用房间内；确需贴邻民用建筑布置时，应采用防火墙与所贴邻的建筑分隔，且不应贴邻人员密集场所，该专用房间的耐火等级不应低于二级；确需布置在民用建筑内时，不应布置在人员密集场所的上一层、下一层或贴邻，并应符合下列规定：油浸变压器、多油开关室、高压电容器室，应设置防止油品流散的设施。油浸变压器下面应设置能储存变压器全部油量的事故储油设施。
GB50016-2014(2018年版),5.4.12-7,燃油或燃气锅炉、油浸变压器、充有可燃油的高压电容器和多油开关等，宜设置在建筑外的专用房间内；确需贴邻民用建筑布置时，应采用防火墙与所贴邻的建筑分隔，且不应贴邻人员密集场所，该专用房间的耐火等级不应低于二级；确需布置在民用建筑内时，不应布置在人员密集场所的上一层、下一层或贴邻，并应符合下列规定：应设置火灾报警装置。
GB50016-2014(2018年版),5.4.12-8,燃油或燃气锅炉、油浸变压器、充有可燃油的高压电容器和多油开关等，宜设置在建筑外的专用房间内；确需贴邻民用建筑布置时，应采用防火墙与所贴邻的建筑分隔，且不应贴邻人员密集场所，该专用房间的耐火等级不应低于二级；确需布置在民用建筑内时，不应布置在人员密集场所的上一层、下一层或贴邻，并应符合下列规定：应设置与锅炉、变压器、电容器和多油开关等的容量及建筑规模相适应的灭火设施，当建筑内其他部位设置自动喷水灭火系统时，应设置自动喷水灭火系统。
GB50016-2014(2018年版),5.4.12-9,燃油或燃气锅炉、油浸变压器、充有可燃油的高压电容器和多油开关等，宜设置在建筑外的专用房间内；确需贴邻民用建筑布置时，应采用防火墙与所贴邻的建筑分隔，且不应贴邻人员密集场所，该专用房间的耐火等级不应低于二级；确需布置在民用建筑内时，不应布置在人员密集场所的上一层、下一层或贴邻，并应符合下列规定：锅炉的容量应符合现行国家标准《锅炉房设计规范》GB?50041的规定。油浸变压器的总容量不应大于1260kV·A，单台容量不应大于630kV·A。
GB50016-2014(2018年版),5.4.12-10,燃油或燃气锅炉、油浸变压器、充有可燃油的高压电容器和多油开关等，宜设置在建筑外的专用房间内；确需贴邻民用建筑布置时，应采用防火墙与所贴邻的建筑分隔，且不应贴邻人员密集场所，该专用房间的耐火等级不应低于二级；确需布置在民用建筑内时，不应布置在人员密集场所的上一层、下一层或贴邻，并应符合下列规定：燃气锅炉房应设置爆炸泄压设施。燃油或燃气锅炉房应设置独立的通风系统，并应符合本规范第9章的规定。
GB50016-2014(2018年版),5.4.13-1,布置在民用建筑内的柴油发电机房应符合下列规定：宜布置在首层或地下一、二层。
GB50016-2014(2018年版),5.4.13-2,布置在民用建筑内的柴油发电机房应符合下列规定：不应布置在人员密集场所的上一层、下一层或贴邻。
GB50016-2014(2018年版),5.4.13-3,布置在民用建筑内的柴油发电机房应符合下列规定：应采用耐火极限不低于2.00h的防火隔墙和1.50h的不燃性楼板与其他部位分隔，门应采用甲级防火门。
GB50016-2014(2018年版),5.4.13-4,布置在民用建筑内的柴油发电机房应符合下列规定：机房内设置储油间时，其总储存量不应大于1m3，储油间应采用耐火极限不低于3.00h的防火隔墙与发电机间分隔；确需在防火隔墙上开门时，应设置甲级防火门。
GB50016-2014(2018年版),5.4.13-5,布置在民用建筑内的柴油发电机房应符合下列规定：应设置火灾报警装置。
GB50016-2014(2018年版),5.4.13-6,布置在民用建筑内的柴油发电机房应符合下列规定：应设置与柴油发电机容量和建筑规模相适应的灭火设施，当建筑内其他部位设置自动喷水灭火系统时，机房内应设置自动喷水灭火系统。
GB50016-2014(2018年版),5.4.14-1,供建筑内使用的丙类液体燃料，其储罐应布置在建筑外，并应符合下列规定：当总容量不大于15m3，且直埋于建筑附近、面向油罐一面4.0m范围内的建筑外墙为防火墙时，储罐与建筑的防火间距不限；
GB50016-2014(2018年版),5.4.14-2,供建筑内使用的丙类液体燃料，其储罐应布置在建筑外，并应符合下列规定：当总容量大于15m3时，储罐的布置应符合本规范第4.2节的规定；
GB50016-2014(2018年版),5.4.14-3,供建筑内使用的丙类液体燃料，其储罐应布置在建筑外，并应符合下列规定：当设置中间罐时，中间罐的容量不应大于1m3，并应设置在一、二级耐火等级的单独房间内，房间门应采用甲级防火门。
GB50016-2014(2018年版),5.5.2,建筑内的安全出口和疏散门应分散布置，且建筑内每个防火分区或一个防火分区的每个楼层、每个住宅单元每层相邻两个安全出口以及每个房间相邻两个疏散门最近边缘之间的水平距离不应小于5m。
GB50016-2014(2018年版),5.5.5,除人员密集场所外，建筑面积不大于500m2、使用人数不超过30人且埋深不大于10m的地下或半地下建筑(室)，当需要设置2个安全出口时，其中一个安全出口可利用直通室外的金属竖向梯。除歌舞娱乐放映游艺场所外，防火分区建筑面积不大于200m2的地下或半地下设备间、防火分区建筑面积不大于50m2且经常停留人数不超过15人的其他地下或半地下建筑(室)，可设置1个安全出口或1部疏散楼梯。除本规范另有规定外，建筑面积不大于200m2的地下或半地下设备间、建筑面积不大于50m2且经常停留人数不超过15人的其他地下或半地下房间，可设置1个疏散门。
GB50016-2014(2018年版),5.5.6,直通建筑内附设汽车库的电梯，应在汽车库部分设置电梯候梯厅，并应采用耐火极限不低于2.00h的防火隔墙和乙级防火门与汽车库分隔。
GB50016-2014(2018年版),5.5.7,高层建筑直通室外的安全出口上方，应设置挑出宽度不小于1.0m的防护挑檐。
GB50016-2014(2018年版),5.5.9-1,一、二级耐火等级公共建筑内的安全出口全部直通室外确有困难的防火分区，可利用通向相邻防火分区的甲级防火门作为安全出口，但应符合下列要求：利用通向相邻防火分区的甲级防火门作为安全出口时，应采用防火墙与相邻防火分区进行分隔；
GB50016-2014(2018年版),5.5.9-2,一、二级耐火等级公共建筑内的安全出口全部直通室外确有困难的防火分区，可利用通向相邻防火分区的甲级防火门作为安全出口，但应符合下列要求：建筑面积大于1000m2的防火分区，直通室外的安全出口不应少于2个；建筑面积不大于1000m2的防火分区，直通室外的安全出口不应少于1个；
GB50016-2014(2018年版),5.5.9-3,一、二级耐火等级公共建筑内的安全出口全部直通室外确有困难的防火分区，可利用通向相邻防火分区的甲级防火门作为安全出口，但应符合下列要求：该防火分区通向相邻防火分区的疏散净宽度不应大于其按本规范第5.5.21条规定计算所需疏散总净宽度的30％，建筑各层直通室外的安全出口总净宽度不应小于按照本规范第5.5.21条规定计算所需疏散总净宽度。
GB50016-2014(2018年版),5.5.10-1,高层公共建筑的疏散楼梯，当分散设置确有困难且从任一疏散门至最近疏散楼梯间入口的距离不大于10m时，可采用剪刀楼梯间，但应符合下列规定：楼梯间应为防烟楼梯间；
GB50016-2014(2018年版),5.5.10-2,高层公共建筑的疏散楼梯，当分散设置确有困难且从任一疏散门至最近疏散楼梯间入口的距离不大于10m时，可采用剪刀楼梯间，但应符合下列规定：梯段之间应设置耐火极限不低于1.00h的防火隔墙；
GB50016-2014(2018年版),5.5.10-3,高层公共建筑的疏散楼梯，当分散设置确有困难且从任一疏散门至最近疏散楼梯间入口的距离不大于10m时，可采用剪刀楼梯间，但应符合下列规定：楼梯间的前室应分别设置。
GB50016-2014(2018年版),5.5.11,设置不少于2部疏散楼梯的一、二级耐火等级多层公共建筑，如顶层局部升高，当高出部分的层数不超过2层、人数之和不超过50人且每层建筑面积不大于200m2时，高出部分可设置1部疏散楼梯，但至少应另外设置1个直通建筑主体上人平屋面的安全出口，且上人屋面应符合人员安全疏散的要求。
GB50016-2014(2018年版),5.5.12,一类高层公共建筑和建筑高度大于32m的二类高层公共建筑，其疏散楼梯应采用防烟楼梯间。裙房和建筑高度不大于32m的二类高层公共建筑，其疏散楼梯应采用封闭楼梯间。注：当裙房与高层建筑主体之间设置防火墙时，裙房的疏散楼梯可按本规范有关单、多层建筑的要求确定。
GB50016-2014(2018年版),5.5.13A,老年人照料设施的疏散楼梯或疏散楼梯间宜与敞开式外廊直接连通，不能与敞开式外廊直接连通的室内疏散楼梯应采用封闭楼梯间。建筑高度大于24m的老年人照料设施，其室内疏散楼梯应采用防烟楼梯间。建筑高度大于32m的老年人照料设施，宜在32m以上部分增设能连通老年人居室和公共活动场所的连廊，各层连廊应直接与疏散楼梯、安全出口或室外避难场地连通。
GB50016-2014(2018年版),5.5.15-1,公共建筑内房间的疏散门数量应经计算确定且不应少于2个。除托儿所、幼儿园、老年人照料设施、医疗建筑、教学建筑内位于走道尽端的房间外，符合下列条件之一的房间可设置1个疏散门：位于两个安全出口之间或袋形走道两侧的房间，对于托儿所、幼儿园、老年人照料设施，建筑面积不大于50m2；对于医疗建筑、教学建筑，建筑面积不大于75m2；对于其他建筑或场所，建筑面积不大于120m2。
GB50016-2014(2018年版),5.5.15-2,公共建筑内房间的疏散门数量应经计算确定且不应少于2个。除托儿所、幼儿园、老年人照料设施、医疗建筑、教学建筑内位于走道尽端的房间外，符合下列条件之一的房间可设置1个疏散门：位于走道尽端的房间，建筑面积小于50m2且疏散门的净宽度不小于0.90m，或由房间内任一点至疏散门的直线距离不大于15m、建筑面积不大于200m2且疏散门的净宽度不小于1.40m。
GB50016-2014(2018年版),5.5.15-3,公共建筑内房间的疏散门数量应经计算确定且不应少于2个。除托儿所、幼儿园、老年人照料设施、医疗建筑、教学建筑内位于走道尽端的房间外，符合下列条件之一的房间可设置1个疏散门：歌舞娱乐放映游艺场所内建筑面积不大于50m2且经常停留人数不超过15人的厅、室。
GB50016-2014(2018年版),5.5.16-1,剧场、电影院、礼堂和体育馆的观众厅或多功能厅，其疏散门的数量应经计算确定且不应少于2个，并应符合下列规定：对于剧场、电影院、礼堂的观众厅或多功能厅，每个疏散门的平均疏散人数不应超过250人；当容纳人数超过2000人时，其超过2000人的部分，每个疏散门的平均疏散人数不应超过400人。
GB50016-2014(2018年版),5.5.16-2,剧场、电影院、礼堂和体育馆的观众厅或多功能厅，其疏散门的数量应经计算确定且不应少于2个，并应符合下列规定：对于体育馆的观众厅，每个疏散门的平均疏散人数不宜超过400人～700人。
GB50016-2014(2018年版),5.5.19,人员密集的公共场所、观众厅的疏散门不应设置门槛，其净宽度不应小于1.40m，且紧靠门口内外各1.40m范围内不应设置踏步。人员密集的公共场所的室外疏散通道的净宽度不应小于3.00m，并应直接通向宽敞地带。
GB50016-2014(2018年版),5.5.23-1,建筑高度大于100m的公共建筑，应设置避难层(间)。避难层(间)应符合下列规定：第一个避难层(间)的楼地面至灭火救援场地地面的高度不应大于50m，两个避难层(间)之间的高度不宜大于50m。
GB50016-2014(2018年版),5.5.23-2,建筑高度大于100m的公共建筑，应设置避难层(间)。避难层(间)应符合下列规定：通向避难层(间)的疏散楼梯应在避难层分隔、同层错位或上下层断开。
GB50016-2014(2018年版),5.5.23-3,建筑高度大于100m的公共建筑，应设置避难层(间)。避难层(间)应符合下列规定：避难层(间)的净面积应能满足设计避难人数避难的要求，并宜按5.0人／m2计算。
GB50016-2014(2018年版),5.5.23-4,建筑高度大于100m的公共建筑，应设置避难层(间)。避难层(间)应符合下列规定：避难层可兼作设备层。设备管道宜集中布置，其中的易燃、可燃液体或气体管道应集中布置，设备管道区应采用耐火极限不低于3.00h的防火隔墙与避难区分隔。管道井和设备间应采用耐火极限不低于2.00h的防火隔墙与避难区分隔，管道井和设备间的门不应直接开向避难区；确需直接开向避难区时，与避难层区出入口的距离不应小于5m，且应采用甲级防火门。避难间内不应设置易燃、可燃液体或气体管道，不应开设除外窗、疏散门之外的其他开口。
GB50016-2014(2018年版),5.5.23-5,建筑高度大于100m的公共建筑，应设置避难层(间)。避难层(间)应符合下列规定：避难层应设置消防电梯出口。
GB50016-2014(2018年版),5.5.23-6,建筑高度大于100m的公共建筑，应设置避难层(间)。避难层(间)应符合下列规定：应设置消火栓和消防软管卷盘。
GB50016-2014(2018年版),5.5.23-7,建筑高度大于100m的公共建筑，应设置避难层(间)。避难层(间)应符合下列规定：应设置消防专线电话和应急广播。
GB50016-2014(2018年版),5.5.23-8,建筑高度大于100m的公共建筑，应设置避难层(间)。避难层(间)应符合下列规定：在避难层(间)进入楼梯间的入口处和疏散楼梯通向避难层(间)的出口处，应设置明显的指示标志。
GB50016-2014(2018年版),5.5.23-9,建筑高度大于100m的公共建筑，应设置避难层(间)。避难层(间)应符合下列规定：应设置直接对外的可开启窗口或独立的机械防烟设施，外窗应采用乙级防火窗。
GB50016-2014(2018年版),5.5.24-1,高层病房楼应在二层及以上的病房楼层和洁净手术部设置避难间。避难间应符合下列规定：避难间服务的护理单元不应超过2个，其净面积应按每个护理单元不小于25.0m2确定。
GB50016-2014(2018年版),5.5.24-2,高层病房楼应在二层及以上的病房楼层和洁净手术部设置避难间。避难间应符合下列规定：避难间兼作其他用途时，应保证人员的避难安全，且不得减少可供避难的净面积。
GB50016-2014(2018年版),5.5.24-3,高层病房楼应在二层及以上的病房楼层和洁净手术部设置避难间。避难间应符合下列规定：应靠近楼梯间，并应采用耐火极限不低于2.00h的防火隔墙和甲级防火门与其他部位分隔。
GB50016-2014(2018年版),5.5.24-4,高层病房楼应在二层及以上的病房楼层和洁净手术部设置避难间。避难间应符合下列规定：应设置消防专线电话和消防应急广播。
GB50016-2014(2018年版),5.5.24-5,高层病房楼应在二层及以上的病房楼层和洁净手术部设置避难间。避难间应符合下列规定：避难间的入口处应设置明显的指示标志。
GB50016-2014(2018年版),5.5.24-6,高层病房楼应在二层及以上的病房楼层和洁净手术部设置避难间。避难间应符合下列规定：应设置直接对外的可开启窗口或独立的机械防烟设施，外窗应采用乙级防火窗。
GB50016-2014(2018年版),5.5.24A,3层及3层以上总建筑面积大于3000m2（包括设置在其他建筑内三层及以上楼层）的老年人照料设施，应在二层及以上各层老年人照料设施部分的每座疏散楼梯间的相邻部位设置1间避难间；当老年人照料设施设置与疏散楼梯或安全出口直接连通的开敞式外廊、与疏散走道直接连通且符合人员避难要求的室外平台等时，可不设置避难间。避难间内可供避难的净面积不应小于12m2，避难间可利用疏散楼梯间的前室或消防电梯的前室，其他要求应符合本规范第5.5.24条的规定。供失能老年人使用且层数大于2层的老年人照料设施，应按核定使用人数配备简易防毒面具。
GB50016-2014(2018年版),5.5.25-1,住宅建筑安全出口的设置应符合下列规定：建筑高度不大于27m的建筑，当每个单元任一层的建筑面积大于650m2，或任一户门至最近安全出口的距离大于15m时，每个单元每层的安全出口不应少于2个；
GB50016-2014(2018年版),5.5.25-2,住宅建筑安全出口的设置应符合下列规定：建筑高度大于27m、不大于54m的建筑，当每个单元任一层的建筑面积大于650m2，或任一户门至最近安全出口的距离大于10m时，每个单元每层的安全出口不应少于2个；
GB50016-2014(2018年版),5.5.25-3,住宅建筑安全出口的设置应符合下列规定：建筑高度大于54m的建筑，每个单元每层的安全出口不应少于2个。
GB50016-2014(2018年版),5.5.27-1,住宅建筑的疏散楼梯设置应符合下列规定：建筑高度不大于21m的住宅建筑可采用敞开楼梯间；与电梯井相邻布置的疏散楼梯应采用封闭楼梯间，当户门采用乙级防火门时，仍可采用敞开楼梯间。
GB50016-2014(2018年版),5.5.27-2,住宅建筑的疏散楼梯设置应符合下列规定：建筑高度大于21m、不大于33m的住宅建筑应采用封闭楼梯间；当户门采用乙级防火门时，可采用敞开楼梯间。
GB50016-2014(2018年版),5.5.27-3,住宅建筑的疏散楼梯设置应符合下列规定：建筑高度大于33m的住宅建筑应采用防烟楼梯间。户门不宜直接开向前室，确有困难时，每层开向同一前室的户门不应大于3樘且应采用乙级防火门。
GB50016-2014(2018年版),5.5.28-1,住宅单元的疏散楼梯，当分散设置确有困难且任一户门至最近疏散楼梯间入口的距离不大于10m时，可采用剪刀楼梯间，但应符合下列规定：应采用防烟楼梯间。
GB50016-2014(2018年版),5.5.28-2,住宅单元的疏散楼梯，当分散设置确有困难且任一户门至最近疏散楼梯间入口的距离不大于10m时，可采用剪刀楼梯间，但应符合下列规定：梯段之间应设置耐火极限不低于1.00h的防火隔墙。
GB50016-2014(2018年版),5.5.28-3,住宅单元的疏散楼梯，当分散设置确有困难且任一户门至最近疏散楼梯间入口的距离不大于10m时，可采用剪刀楼梯间，但应符合下列规定：楼梯间的前室不宜共用；共用时，前室的使用面积不应小于6.0m2。
GB50016-2014(2018年版),5.5.28-4,住宅单元的疏散楼梯，当分散设置确有困难且任一户门至最近疏散楼梯间入口的距离不大于10m时，可采用剪刀楼梯间，但应符合下列规定：楼梯间的前室或共用前室不宜与消防电梯的前室合用；楼梯间的共用前室与消防电梯的前室合用时，合用前室的使用面积不应小于12.0m2，且短边不应小于2.4m。
GB50016-2014(2018年版),5.5.30,住宅建筑的户门、安全出口、疏散走道和疏散楼梯的各自总净宽度应经计算确定，且户门和安全出口的净宽度不应小于0.90m，疏散走道、疏散楼梯和首层疏散外门的净宽度不应小于1.10m。建筑高度不大于18m的住宅中一边设置栏杆的疏散楼梯，其净宽度不应小于1.0m。
GB50016-2014(2018年版),5.5.31,建筑高度大于100m的住宅建筑应设置避难层，避难层的设置应符合本规范第5.5.23条有关避难层的要求。
GB50016-2014(2018年版),5.5.32-1,建筑高度大于54m的住宅建筑，每户应有一间房间符合下列规定：应靠外墙设置，并应设置可开启外窗；
GB50016-2014(2018年版),5.5.32-2,建筑高度大于54m的住宅建筑，每户应有一间房间符合下列规定：内、外墙体的耐火极限不应低于1.00h，该房间的门宜采用乙级防火门，外窗的耐火完整性不宜低于1.00h。
GB50016-2014(2018年版),6.1.1,防火墙应直接设置在建筑的基础或框架、梁等承重结构上，框架、梁等承重结构的耐火极限不应低于防火墙的耐火极限。防火墙应从楼地面基层隔断至梁、楼板或屋面板的底面基层。当高层厂房(仓库)屋顶承重结构和屋面板的耐火极限低于1.00h，其他建筑屋顶承重结构和屋面板的耐火极限低于0.50h时，防火墙应高出屋面0.5m以上。
GB50016-2014(2018年版),6.1.2,防火墙横截面中心线水平距离天窗端面小于4.0m，且天窗端面为可燃性墙体时，应采取防止火势蔓延的措施。
GB50016-2014(2018年版),6.1.3,建筑外墙为难燃性或可燃性墙体时，防火墙应凸出墙的外表面0.4m以上，且防火墙两侧的外墙均应为宽度均不小于2.0m的不燃性墙体，其耐火极限不应低于外墙的耐火极限。建筑外墙为不燃性墙体时，防火墙可不凸出墙的外表面，紧靠防火墙两侧的门、窗、洞口之间最近边缘的水平距离不应小于2.0m；采取设置乙级防火窗等防止火灾水平蔓延的措施时，该距离不限。
GB50016-2014(2018年版),6.1.4,建筑内的防火墙不宜设置在转角处，确需设置时，内转角两侧墙上的门、窗、洞口之间最近边缘的水平距离不应小于4.0m；采取设置乙级防火窗等防止火灾水平蔓延的措施时，该距离不限。
GB50016-2014(2018年版),6.2.1,剧场等建筑的舞台与观众厅之间的隔墙应采用耐火极限不低于3.00h的防火隔墙。舞台上部与观众厅闷顶之间的隔墙可采用耐火极限不低于1.50h的防火隔墙，隔墙上的门应采用乙级防火门。舞台下部的灯光操作室和可燃物储藏室应采用耐火极限不低于2.00h的防火隔墙与其他部位分隔。电影放映室、卷片室应采用耐火极限不低于1.50h的防火隔墙与其他部位分隔，观察孔和放映孔应采取防火分隔措施。
GB50016-2014(2018年版),6.2.2,医疗建筑内的手术室或手术部、产房、重症监护室、贵重精密医疗装备用房、储藏间、实验室、胶片室等，附设在建筑内的托儿所、幼儿园的儿童用房和儿童游乐厅等儿童活动场所、老年人照料设施，应采用耐火极限不低于2.00h的防火隔墙和1.00h的楼板与其他场所或部位分隔，墙上必须设置的门、窗应采用乙级防火门、窗。
GB50016-2014(2018年版),6.2.4,建筑内的防火隔墙应从楼地面基层隔断至梁、楼板或屋面板的底面基层。住宅分户墙和单元之间的墙应隔断至梁、楼板或屋面板的底面基层，屋面板的耐火极限不应低于0.50h。
GB50016-2014(2018年版),6.2.5,除本规范另有规定外，建筑外墙上、下层开口之间应设置高度不小于1.2m的实体墙或挑出宽度不小于1.0m、长度不小于开口宽度的防火挑檐；当室内设置自动喷水灭火系统时，上、下层开口之间的实体墙高度不应小于0.8m。当上、下层开口之间设置实体墙确有困难时，可设置防火玻璃墙，但高层建筑的防火玻璃墙的耐火完整性不应低于1.00h，多层建筑的防火玻璃墙的耐火完整性不应低于0.50h。外窗的耐火完整性不应低于防火玻璃墙的耐火完整性要求。住宅建筑外墙上相邻户开口之间的墙体宽度不应小于1.0m；小于1.0m时，应在开口之间设置突出外墙不小于0.6m的隔板。实体墙、防火挑檐和隔板的耐火极限和燃烧性能，均不应低于相应耐火等级建筑外墙的要求。
GB50016-2014(2018年版),6.2.7,附设在建筑内的消防控制室、灭火设备室、消防水泵房和通风空气调节机房、变配电室等，应采用耐火极限不低于2.00h的防火隔墙和1.50h的楼板与其他部位分隔。设置在丁、戊类厂房内的通风机房，应采用耐火极限不低于1.00h的防火隔墙和0.50h的楼板与其他部位分隔。通风、空气调节机房和变配电室开向建筑内的门应采用甲级防火门，消防控制室和其他设备房开向建筑内的门应采用乙级防火门。
GB50016-2014(2018年版),6.2.9-1,建筑内的电梯井等竖井应符合下列规定：电梯井应独立设置，井内严禁敷设可燃气体和甲、乙、丙类液体管道，不应敷设与电梯无关的电缆、电线等。电梯井的井壁除设置电梯门、安全逃生门和通气孔洞外，不应设置其他开口。
GB50016-2014(2018年版),6.2.9-2,建筑内的电梯井等竖井应符合下列规定：电缆井、管道井、排烟道、排气道、垃圾道等竖向井道，应分别独立设置。井壁的耐火极限不应低于1.00h，井壁上的检查门应采用丙级防火门。
GB50016-2014(2018年版),6.2.9-3,建筑内的电梯井等竖井应符合下列规定：建筑内的电缆井、管道井应在每层楼板处采用不低于楼板耐火极限的不燃材料或防火封堵材料封堵。建筑内的电缆井、管道井与房间、走道等相连通的孔隙应采用防火封堵材料封堵。
GB50016-2014(2018年版),6.2.9-4,建筑内的电梯井等竖井应符合下列规定：建筑内的垃圾道宜靠外墙设置，垃圾道的排气口应直接开向室外，垃圾斗应采用不燃材料制作，并应能自行关闭。
GB50016-2014(2018年版),6.2.9-5,建筑内的电梯井等竖井应符合下列规定：电梯层门的耐火极限不应低于1.00h，并应符合现行国家标准《电梯层门耐火试验?完整性、隔热性和热通量测定法》GB／T?27903规定的完整性和隔热性要求。
GB50016-2014(2018年版),6.3.1,在三、四级耐火等级建筑的闷顶内采用可燃材料作绝热层时，屋顶不应采用冷摊瓦。闷顶内的非金属烟囱周围0.5m、金属烟囱0.7m范围内，应采用不燃材料作绝热层。
GB50016-2014(2018年版),6.3.2,层数超过2层的三级耐火等级建筑内的闷顶，应在每个防火隔断范围内设置老虎窗，且老虎窗的间距不宜大于50m。
GB50016-2014(2018年版),6.3.3,内有可燃物的闷顶，应在每个防火隔断范围内设置净宽度和净高度均不小于0.7m的闷顶入口；对于公共建筑，每个防火隔断范围内的闷顶入口不宜少于2个。闷顶入口宜布置在走廊中靠近楼梯间的部位。
GB50016-2014(2018年版),6.4.1-1,疏散楼梯间应符合下列规定：楼梯间应能天然采光和自然通风，并宜靠外墙设置。靠外墙设置时，楼梯间、前室及合用前室外墙上的窗口与两侧门、窗、洞口最近边缘的水平距离不应小于1.0m。
GB50016-2014(2018年版),6.4.1-2,疏散楼梯间应符合下列规定：楼梯间内不应设置烧水间、可燃材料储藏室、垃圾道。
GB50016-2014(2018年版),6.4.1-3,疏散楼梯间应符合下列规定：楼梯间内不应有影响疏散的凸出物或其他障碍物。
GB50016-2014(2018年版),6.4.1-4,疏散楼梯间应符合下列规定：封闭楼梯间、防烟楼梯间及其前室，不应设置卷帘。
GB50016-2014(2018年版),6.4.1-5,疏散楼梯间应符合下列规定：楼梯间内不应设置甲、乙、丙类液体管道。
GB50016-2014(2018年版),6.4.1-6,疏散楼梯间应符合下列规定：封闭楼梯间、防烟楼梯间及其前室内禁止穿过或设置可燃气体管道。敞开楼梯间内不应设置可燃气体管道，当住宅建筑的敞开楼梯间内确需设置可燃气体管道和可燃气体计量表时，应采用金属管和设置切断气源的阀门。
GB50016-2014(2018年版),6.4.3-1,防烟楼梯间除应符合本规范第6.4.1条的规定外，尚应符合下列规定：应设置防烟设施。
GB50016-2014(2018年版),6.4.3-2,防烟楼梯间除应符合本规范第6.4.1条的规定外，尚应符合下列规定：前室可与消防电梯间前室合用。
GB50016-2014(2018年版),6.4.3-3,防烟楼梯间除应符合本规范第6.4.1条的规定外，尚应符合下列规定：前室的使用面积：公共建筑、高层厂房(仓库)，不应小于6.0m2；住宅建筑，不应小于4.5m2。与消防电梯间前室合用时，合用前室的使用面积：公共建筑、高层厂房(仓库)，不应小于10.0m2；住宅建筑，不应小于6.0m2。
GB50016-2014(2018年版),6.4.3-4,防烟楼梯间除应符合本规范第6.4.1条的规定外，尚应符合下列规定：疏散走道通向前室以及前室通向楼梯间的门应采用乙级防火门。
GB50016-2014(2018年版),6.4.3-5,防烟楼梯间除应符合本规范第6.4.1条的规定外，尚应符合下列规定：除住宅建筑的楼梯间前室外，防烟楼梯间和前室内的墙上不应开设除疏散门和送风口外的其他门、窗、洞口。
GB50016-2014(2018年版),6.4.3-6,防烟楼梯间除应符合本规范第6.4.1条的规定外，尚应符合下列规定：楼梯间的首层可将走道和门厅等包括在楼梯间前室内形成扩大的前室，但应采用乙级防火门等与其他走道和房间分隔。
GB50016-2014(2018年版),6.4.4-1,除通向避难层错位的疏散楼梯外，建筑内的疏散楼梯间在各层的平面位置不应改变。除住宅建筑套内的自用楼梯外，地下或半地下建筑(室)的疏散楼梯间，应符合下列规定：室内地面与室外出入口地坪高差大于10m或3层及以上的地下、半地下建筑(室)，其疏散楼梯应采用防烟楼梯间；其他地下或半地下建筑(室)，其疏散楼梯应采用封闭楼梯间。
GB50016-2014(2018年版),6.4.4-2,除通向避难层错位的疏散楼梯外，建筑内的疏散楼梯间在各层的平面位置不应改变。除住宅建筑套内的自用楼梯外，地下或半地下建筑(室)的疏散楼梯间，应符合下列规定：应在首层采用耐火极限不低于2.00h的防火隔墙与其他部位分隔并应直通室外，确需在隔墙上开门时，应采用乙级防火门。
GB50016-2014(2018年版),6.4.4-3,除通向避难层错位的疏散楼梯外，建筑内的疏散楼梯间在各层的平面位置不应改变。除住宅建筑套内的自用楼梯外，地下或半地下建筑(室)的疏散楼梯间，应符合下列规定：建筑的地下或半地下部分与地上部分不应共用楼梯间，确需共用楼梯间时，应在首层采用耐火极限不低于2.00h的防火隔墙和乙级防火门将地下或半地下部分与地上部分的连通部位完全分隔，并应设置明显的标志。
GB50016-2014(2018年版),6.4.5-1,室外疏散楼梯应符合下列规定：栏杆扶手的高度不应小于1.10m，楼梯的净宽度不应小于0.90m。
GB50016-2014(2018年版),6.4.5-2,室外疏散楼梯应符合下列规定：倾斜角度不应大于45°。
GB50016-2014(2018年版),6.4.5-3,室外疏散楼梯应符合下列规定：梯段和平台均应采用不燃材料制作。平台的耐火极限不应低于1.00h，梯段的耐火极限不应低于0.25h。
GB50016-2014(2018年版),6.4.5-4,室外疏散楼梯应符合下列规定：通向室外楼梯的门应采用乙级防火门，并应向外开启。
GB50016-2014(2018年版),6.4.5-5,室外疏散楼梯应符合下列规定：除疏散门外，楼梯周围2m内的墙面上不应设置门、窗、洞口。疏散门不应正对梯段。
GB50016-2014(2018年版),6.4.6,用作丁、戊类厂房内第二安全出口的楼梯可采用金属梯，但其净宽度不应小于0.90m，倾斜角度不应大于45°。丁、戊类高层厂房，当每层工作平台上的人数不超过2人且各层工作平台上同时工作的人数总和不超过10人时，其疏散楼梯可采用敞开楼梯或利用净宽度不小于0.90m、倾斜角度不大于60°的金属梯。
GB50016-2014(2018年版),6.4.7,疏散用楼梯和疏散通道上的阶梯不宜采用螺旋楼梯和扇形踏步；确需采用时，踏步上、下两级所形成的平面角度不应大于10°，且每级离扶手250mm处的踏步深度不应小于220mm。
GB50016-2014(2018年版),6.4.8,建筑内的公共疏散楼梯，其两梯段及扶手间的水平净距不宜小于150mm。
GB50016-2014(2018年版),6.4.9,高度大于10m的三级耐火等级建筑应设置通至屋顶的室外消防梯。室外消防梯不应面对老虎窗，宽度不应小于0.6m，且宜从离地面3.0m高处设置。
GB50016-2014(2018年版),6.4.10,疏散走道在防火分区处应设置常开甲级防火门。
GB50016-2014(2018年版),6.4.12-1,用于防火分隔的下沉式广场等室外开敞空间，应符合下列规定：分隔后的不同区域通向下沉式广场等室外开敞空间的开口最近边缘之间的水平距离不应小于13m。室外开敞空间除用于人员疏散外不得用于其他商业或可能导致火灾蔓延的用途，其中用于疏散的净面积不应小于169m2。
GB50016-2014(2018年版),6.4.12-2,用于防火分隔的下沉式广场等室外开敞空间，应符合下列规定：下沉式广场等室外开敞空间内应设置不少于1部直通地面的疏散楼梯。当连接下沉广场的防火分区需利用下沉广场进行疏散时，疏散楼梯的总净宽度不应小于任一防火分区通向室外开敞空间的设计疏散总净宽度。
GB50016-2014(2018年版),6.4.12-3,用于防火分隔的下沉式广场等室外开敞空间，应符合下列规定：确需设置防风雨篷时，防风雨篷不应完全封闭，四周开口部位应均匀布置，开口的面积不应小于该空间地面面积的25％，开口高度不应小于1.0m；开口设置百叶时，百叶的有效排烟面积可按百叶通风口面积的60％计算。
GB50016-2014(2018年版),6.4.13-1,防火隔间的设置应符合下列规定：防火隔间的建筑面积不应小于6.0m2；
GB50016-2014(2018年版),6.4.13-2,防火隔间的设置应符合下列规定：防火隔间的门应采用甲级防火门；
GB50016-2014(2018年版),6.4.13-3,防火隔间的设置应符合下列规定：不同防火分区通向防火隔间的门不应计入安全出口，门的最小间距不应小于4m；
GB50016-2014(2018年版),6.4.13-4,防火隔间的设置应符合下列规定：防火隔间内部装修材料的燃烧性能应为A级；
GB50016-2014(2018年版),6.4.13-5,防火隔间的设置应符合下列规定：不应用于除人员通行外的其他用途。
GB50016-2014(2018年版),6.4.14-1,避难走道的设置应符合下列规定：避难走道防火隔墙的耐火极限不应低于3.00h，楼板的耐火极限不应低于1.50h。
GB50016-2014(2018年版),6.4.14-2,避难走道的设置应符合下列规定：避难走道直通地面的出口不应少于2个，并应设置在不同方向；当避难走道仅与一个防火分区相通且该防火分区至少有1个直通室外的安全出口时，可设置1个直通地面的出口。任一防火分区通向避难走道的门至该避难走道最近直通地面的出口的距离不应大于60m。
GB50016-2014(2018年版),6.4.14-3,避难走道的设置应符合下列规定：避难走道的净宽度不应小于任一防火分区通向该避难走道的设计疏散总净宽度。
GB50016-2014(2018年版),6.4.14-4,避难走道的设置应符合下列规定：避难走道内部装修材料的燃烧性能应为A级。
GB50016-2014(2018年版),6.4.14-5,避难走道的设置应符合下列规定：防火分区至避难走道入口处应设置防烟前室，前室的使用面积不应小于6.0m2，开向前室的门应采用甲级防火门，前室开向避难走道的门应采用乙级防火门。
GB50016-2014(2018年版),6.4.14-6,避难走道的设置应符合下列规定：避难走道内应设置消火栓、消防应急照明、应急广播和消防专线电话。
GB50016-2014(2018年版),6.5.3-1,防火分隔部位设置防火卷帘时，应符合下列规定：除中庭外，当防火分隔部位的宽度不大于30m时，防火卷帘的宽度不应大于10m；当防火分隔部位的宽度大于30m时，防火卷帘的宽度不应大于该部位宽度的1／3，且不应大于20m。
GB50016-2014(2018年版),6.5.3-2,防火分隔部位设置防火卷帘时，应符合下列规定：防火卷帘应具有火灾时靠自重自动关闭功能。
GB50016-2014(2018年版),6.5.3-3,防火分隔部位设置防火卷帘时，应符合下列规定：除本规范另有规定外，防火卷帘的耐火极限不应低于本规范对所设置部位墙体的耐火极限要求。当防火卷帘的耐火极限符合现行国家标准《门和卷帘的耐火试验方法》GB／T?7633有关耐火完整性和耐火隔热性的判定条件时，可不设置自动喷水灭火系统保护。当防火卷帘的耐火极限仅符合现行国家标准《门和卷帘的耐火试验方法》GB／T?7633有关耐火完整性的判定条件时，应设置自动喷水灭火系统保护。自动喷水灭火系统的设计应符合现行国家标准《自动喷水灭火系统设计规范》GB?50084的规定，但火灾延续时间不应小于该防火卷帘的耐火极限。
GB50016-2014(2018年版),6.5.3-4,防火分隔部位设置防火卷帘时，应符合下列规定：防火卷帘应具有防烟性能，与楼板、梁、墙、柱之间的空隙应采用防火封堵材料封堵。
GB50016-2014(2018年版),6.5.3-5,防火分隔部位设置防火卷帘时，应符合下列规定：需在火灾时自动降落的防火卷帘，应具有信号反馈的功能。
GB50016-2014(2018年版),6.5.3-6,防火分隔部位设置防火卷帘时，应符合下列规定：其他要求，应符合现行国家标准《防火卷帘》GB?14102的规定。
GB50016-2014(2018年版),6.7.2-1,建筑外墙采用内保温系统时，保温系统应符合下列规定：对于人员密集场所，用火、燃油、燃气等具有火灾危险性的场所以及各类建筑内的疏散楼梯间、避难走道、避难间、避难层等场所或部位，应采用燃烧性能为A级的保温材料。
GB50016-2014(2018年版),6.7.2-2,建筑外墙采用内保温系统时，保温系统应符合下列规定：对于其他场所，应采用低烟、低毒且燃烧性能不低于B1级的保温材料。
GB50016-2014(2018年版),6.7.2-3,建筑外墙采用内保温系统时，保温系统应符合下列规定：保温系统应采用不燃材料做防护层。采用燃烧性能为B1级的保温材料时，防护层的厚度不应小于10mm。
GB50016-2014(2018年版),6.7.3,建筑外墙采用保温材料与两侧墙体构成无空腔复合保温结构体时，该结构体的耐火极限应符合本规范的有关规定；当保温材料的燃烧性能为B1、B2级时，保温材料两侧的墙体应采用不燃材料且厚度均不应小于50mm。
GB50016-2014(2018年版),6.7.4A-1,除本规范第6.7.3条规定的情况外，下列老年人照料设施的内、外墙体和屋面保温材料应采用燃烧性能为A级的保温材料：独立建造的老年人照料设施；
GB50016-2014(2018年版),6.7.4A-2,除本规范第6.7.3条规定的情况外，下列老年人照料设施的内、外墙体和屋面保温材料应采用燃烧性能为A级的保温材料：与其他建筑组合建造且老年人照料设施部分的总建筑面积大于500m2的老年人照料设施。
GB50016-2014(2018年版),6.7.5-1-1,与基层墙体、装饰层之间无空腔的建筑外墙外保温系统，其保温材料应符合下列规定：住宅建筑：建筑高度大于100m时，保温材料的燃烧性能应为A级：
GB50016-2014(2018年版),6.7.5-1-2,与基层墙体、装饰层之间无空腔的建筑外墙外保温系统，其保温材料应符合下列规定：住宅建筑：建筑高度大于27m，但不大于100m时，保温材料的燃烧性能不应低于B1级；
GB50016-2014(2018年版),6.7.5-1-3,与基层墙体、装饰层之间无空腔的建筑外墙外保温系统，其保温材料应符合下列规定：住宅建筑：建筑高度不大于27m时，保温材料的燃烧性能不应低于B2级。
GB50016-2014(2018年版),6.7.5-2-1,与基层墙体、装饰层之间无空腔的建筑外墙外保温系统，其保温材料应符合下列规定：除住宅建筑和设置人员密集场所的建筑外，其他建筑：建筑高度大于50m时，保温材料的燃烧性能应为A级；
GB50016-2014(2018年版),6.7.5-2-2,与基层墙体、装饰层之间无空腔的建筑外墙外保温系统，其保温材料应符合下列规定：除住宅建筑和设置人员密集场所的建筑外，其他建筑：建筑高度大于24m，但不大于50m时，保温材料的燃烧性能不应低于B1级；
GB50016-2014(2018年版),6.7.5-2-3,与基层墙体、装饰层之间无空腔的建筑外墙外保温系统，其保温材料应符合下列规定：除住宅建筑和设置人员密集场所的建筑外，其他建筑：建筑高度不大于24m时，保温材料的燃烧性能不应低于B2级。
GB50016-2014(2018年版),6.7.6-1,除设置人员密集场所的建筑外，与基层墙体、装饰层之间有空腔的建筑外墙外保温系统，其保温材料应符合下列规定：建筑高度大于24m时，保温材料的燃烧性能应为A级；
GB50016-2014(2018年版),6.7.6-2,除设置人员密集场所的建筑外，与基层墙体、装饰层之间有空腔的建筑外墙外保温系统，其保温材料应符合下列规定：建筑高度不大于24m时，保温材料的燃烧性能不应低于B1级。
GB50016-2014(2018年版),6.7.7-1,除本规范第6.7.3条规定的情况外，当建筑的外墙外保温系统按本节规定采用燃烧性能为B1、B2级的保温材料时，应符合下列规定：除采用B1级保温材料且建筑高度不大于24m的公共建筑或采用B1级保温材料且建筑高度不大于27m的住宅建筑外，建筑外墙上门、窗的耐火完整性不应低于0.50h。
GB50016-2014(2018年版),6.7.7-2,除本规范第6.7.3条规定的情况外，当建筑的外墙外保温系统按本节规定采用燃烧性能为B1、B2级的保温材料时，应符合下列规定：应在保温系统中每层设置水平防火隔离带。防火隔离带应采用燃烧性能为A级的材料，防火隔离带的高度不应小于300mm。
GB50016-2014(2018年版),6.7.8,建筑的外墙外保温系统应采用不燃材料在其表面设置防护层，防护层应将保温材料完全包覆。除本规范第6.7.3条规定的情况外，当按本节规定采用B1、B2级保温材料时，防护层厚度首层不应小于15mm，其他层不应小于5mm。
GB50016-2014(2018年版),6.7.10,建筑的屋面外保温系统，当屋面板的耐火极限不低于1.00h时，保温材料的燃烧性能不应低于B2级；当屋面板的耐火极限低于1.00h时，不应低于B1级。采用B1、B2级保温材料的外保温系统应采用不燃材料作防护层，防护层的厚度不应小于10mm。当建筑的屋面和外墙外保温系统均采用B1、B2级保温材料时，屋面与外墙之间应采用宽度不小于500mm的不燃材料设置防火隔离带进行分隔。
GB50016-2014(2018年版),6.7.12,建筑外墙的装饰层应采用燃烧性能为A级的材料，但建筑高度不大于50m时，可采用B1级材料。
GB50016-2014(2018年版),7.1.1,街区内的道路应考虑消防车的通行，道路中心线间的距离不宜大于160m。当建筑物沿街道部分的长度大于150m或总长度大于220m时，应设置穿过建筑物的消防车道。确有困难时，应设置环形消防车道。
GB50016-2014(2018年版),7.1.2,高层民用建筑，超过3000个座位的体育馆，超过2000个座位的会堂，占地面积大于3000m2的商店建筑、展览建筑等单、多层公共建筑应设置环形消防车道，确有困难时，可沿建筑的两个长边设置消防车道；对于高层住宅建筑和山坡地或河道边临空建造的高层民用建筑，可沿建筑的一个长边设置消防车道，但该长边所在建筑立面应为消防车登高操作面。
GB50016-2014(2018年版),7.1.3,工厂、仓库区内应设置消防车道。高层厂房，占地面积大于3000m2的甲、乙、丙类厂房和占地面积大于1500m2的乙、丙类仓库，应设置环形消防车道，确有困难时，应沿建筑物的两个长边设置消防车道。
GB50016-2014(2018年版),7.1.4,有封闭内院或天井的建筑物，当内院或天井的短边长度大于24m时，宜设置进入内院或天井的消防车道；当该建筑物沿街时，应设置连通街道和内院的人行通道(可利用楼梯间)，其间距不宜大于80m。
GB50016-2014(2018年版),7.1.8-1,消防车道应符合下列要求：车道的净宽度和净空高度均不应小于4.0m；
GB50016-2014(2018年版),7.1.8-2,消防车道应符合下列要求：转弯半径应满足消防车转弯的要求；
GB50016-2014(2018年版),7.1.8-3,消防车道应符合下列要求：消防车道与建筑之间不应设置妨碍消防车操作的树木、架空管线等障碍物；
GB50016-2014(2018年版),7.1.8-4,消防车道应符合下列要求：消防车道靠建筑外墙一侧的边缘距离建筑外墙不宜小于5m；
GB50016-2014(2018年版),7.1.8-5,消防车道应符合下列要求：消防车道的坡度不宜大于8％。
GB50016-2014(2018年版),7.1.9,环形消防车道至少应有两处与其他车道连通。尽头式消防车道应设置回车道或回车场，回车场的面积不应小于12m×12m；对于高层建筑，不宜小于15m×15m；供重型消防车使用时，不宜小于18m×18m。消防车道的路面、救援操作场地、消防车道和救援操作场地下面的管道和暗沟等，应能承受重型消防车的压力。消防车道可利用城乡、厂区道路等，但该道路应满足消防车通行、转弯和停靠的要求。
GB50016-2014(2018年版),7.2.1,高层建筑应至少沿一个长边或周边长度的1／4且不小于一个长边长度的底边连续布置消防车登高操作场地，该范围内的裙房进深不应大于4m。建筑高度不大于50m的建筑，连续布置消防车登高操作场地确有困难时，可间隔布置，但间隔距离不宜大于30m，且消防车登高操作场地的总长度仍应符合上述规定。
GB50016-2014(2018年版),7.2.2-1,消防车登高操作场地应符合下列规定：场地与厂房、仓库、民用建筑之间不应设置妨碍消防车操作的树木、架空管线等障碍物和车库出入口。
GB50016-2014(2018年版),7.2.2-2,消防车登高操作场地应符合下列规定：场地的长度和宽度分别不应小于15m和10m。对于建筑高度大于50m的建筑，场地的长度和宽度分别不应小于20m和10m。
GB50016-2014(2018年版),7.2.2-3,消防车登高操作场地应符合下列规定：场地及其下面的建筑结构、管道和暗沟等，应能承受重型消防车的压力。
GB50016-2014(2018年版),7.2.2-4,消防车登高操作场地应符合下列规定：场地应与消防车道连通，场地靠建筑外墙一侧的边缘距离建筑外墙不宜小于5m，且不应大于10m，场地的坡度不宜大于3％。
GB50016-2014(2018年版),7.2.5,供消防救援人员进入的窗口的净高度和净宽度均不应小于1.0m，下沿距室内地面不宜大于1.2m，间距不宜大于20m且每个防火分区不应少于2个，设置位置应与消防车登高操作场地相对应。窗口的玻璃应易于破碎，并应设置可在室外易于识别的明显标志。
GB50016-2014(2018年版),7.3.1-1,下列建筑应设置消防电梯：建筑高度大于33m的住宅建筑；
GB50016-2014(2018年版),7.3.1-2,下列建筑应设置消防电梯：一类高层公共建筑和建筑高度大于32m的二类高层公共建筑、5层及以上且总建筑面积大于3000m2（包括设置在其他建筑内五层及以上楼层）的老年人照料设施；
GB50016-2014(2018年版),7.3.1-3,下列建筑应设置消防电梯：设置消防电梯的建筑的地下或半地下室，埋深大于10m且总建筑面积大于3000m2的其他地下或半地下建筑(室)。
GB50016-2014(2018年版),7.3.2,消防电梯应分别设置在不同防火分区内，且每个防火分区不应少于1台。
GB50016-2014(2018年版),7.3.3-1,建筑高度大于32m且设置电梯的高层厂房(仓库)，每个防火分区内宜设置1台消防电梯，但符合下列条件的建筑可不设置消防电梯：建筑高度大于32m且设置电梯，任一层工作平台上的人数不超过2人的高层塔架；
GB50016-2014(2018年版),7.3.3-2,建筑高度大于32m且设置电梯的高层厂房(仓库)，每个防火分区内宜设置1台消防电梯，但符合下列条件的建筑可不设置消防电梯：局部建筑高度大于32m，且局部高出部分的每层建筑面积不大于50m2的丁、戊类厂房。
GB50016-2014(2018年版),7.3.5-1,除设置在仓库连廊、冷库穿堂或谷物筒仓工作塔内的消防电梯外，消防电梯应设置前室，并应符合下列规定：前室宜靠外墙设置，并应在首层直通室外或经过长度不大于30m的通道通向室外；
GB50016-2014(2018年版),7.3.5-2,除设置在仓库连廊、冷库穿堂或谷物筒仓工作塔内的消防电梯外，消防电梯应设置前室，并应符合下列规定：前室的使用面积不应小于6.0m2，前室的短边不应小于2.4m；与防烟楼梯间合用的前室，其使用面积尚应符合本规范第5.5.28条和第6.4.3条的规定；
GB50016-2014(2018年版),7.3.5-3,除设置在仓库连廊、冷库穿堂或谷物筒仓工作塔内的消防电梯外，消防电梯应设置前室，并应符合下列规定：除前室的出入口、前室内设置的正压送风口和本规范第5.5.27条规定的户门外，前室内不应开设其他门、窗、洞口；
GB50016-2014(2018年版),7.3.5-4,除设置在仓库连廊、冷库穿堂或谷物筒仓工作塔内的消防电梯外，消防电梯应设置前室，并应符合下列规定：前室或合用前室的门应采用乙级防火门，不应设置卷帘。
GB50016-2014(2018年版),7.3.7,消防电梯的井底应设置排水设施，排水井的容量不应小于2m3，排水泵的排水量不应小于10L／s。消防电梯间前室的门口宜设置挡水设施。
GB50016-2014(2018年版),7.3.8-1,消防电梯应符合下列规定：应能每层停靠；
GB50016-2014(2018年版),7.3.8-2,消防电梯应符合下列规定：电梯的载重量不应小于800kg；
GB50016-2014(2018年版),7.3.8-3,消防电梯应符合下列规定：电梯从首层至顶层的运行时间不宜大于60s；
GB50016-2014(2018年版),7.3.8-4,消防电梯应符合下列规定：电梯的动力与控制电缆、电线、控制面板应采取防水措施；
GB50016-2014(2018年版),7.3.8-5,消防电梯应符合下列规定：在首层的消防电梯入口处应设置供消防队员专用的操作按钮；
GB50016-2014(2018年版),7.3.8-6,消防电梯应符合下列规定：电梯轿厢的内部装修应采用不燃材料；
GB50016-2014(2018年版),7.3.8-7,消防电梯应符合下列规定：电梯轿厢内部应设置专用消防对讲电话。
GB50016-2014(2018年版),7.4.1,建筑高度大于100m且标准层建筑面积大于2000m2的公共建筑，宜在屋顶设置直升机停机坪或供直升机救助的设施。
GB50016-2014(2018年版),7.4.2-1,直升机停机坪应符合下列规定：设置在屋顶平台上时，距离设备机房、电梯机房、水箱间、共用天线等突出物不应小于5m；
GB50016-2014(2018年版),7.4.2-2,直升机停机坪应符合下列规定：建筑通向停机坪的出口不应少于2个，每个出口的宽度不宜小于0.90m；
GB50016-2014(2018年版),7.4.2-3,直升机停机坪应符合下列规定：四周应设置航空障碍灯，并应设置应急照明；
GB50016-2014(2018年版),7.4.2-4,直升机停机坪应符合下列规定：在停机坪的适当位置应设置消火栓；
GB50016-2014(2018年版),7.4.2-5,直升机停机坪应符合下列规定：其他要求应符合国家现行航空管理有关标准的规定。
GB50016-2014(2018年版),8.1.2,城镇(包括居住区、商业区、开发区、工业区等)应沿可通行消防车的街道设置市政消火栓系统。民用建筑、厂房、仓库、储罐(区)和堆场周围应设置室外消火栓系统。用于消防救援和消防车停靠的屋面上，应设置室外消火栓系统。注：耐火等级不低于二级且建筑体积不大于3000m3的戊类厂房，居住区人数不超过500人且建筑层数不超过两层的居住区，可不设置室外消火栓系统。
GB50016-2014(2018年版),8.1.3-1,自动喷水灭火系统、水喷雾灭火系统、泡沫灭火系统和固定消防炮灭火系统等系统以及下列建筑的室内消火栓给水系统应设置消防水泵接合器：超过5层的公共建筑；
GB50016-2014(2018年版),8.1.3-2,自动喷水灭火系统、水喷雾灭火系统、泡沫灭火系统和固定消防炮灭火系统等系统以及下列建筑的室内消火栓给水系统应设置消防水泵接合器：超过4层的厂房或仓库；
GB50016-2014(2018年版),8.1.3-3,自动喷水灭火系统、水喷雾灭火系统、泡沫灭火系统和固定消防炮灭火系统等系统以及下列建筑的室内消火栓给水系统应设置消防水泵接合器：其他高层建筑；
GB50016-2014(2018年版),8.1.3-4,自动喷水灭火系统、水喷雾灭火系统、泡沫灭火系统和固定消防炮灭火系统等系统以及下列建筑的室内消火栓给水系统应设置消防水泵接合器：超过2层或建筑面积大于10000m2的地下建筑(室)。
GB50016-2014(2018年版),8.1.4,甲、乙、丙类液体储罐(区)内的储罐应设置移动水枪或固定水冷却设施。高度大于15m或单罐容积大于2000m3的甲、乙、丙类液体地上储罐，宜采用固定水冷却设施。
GB50016-2014(2018年版),8.1.5,总容积大于50m3或单罐容积大于20m3的液化石油气储罐(区)应设置固定水冷却设施，埋地的液化石油气储罐可不设置固定喷水冷却装置。总容积不大于50m3或单罐容积不大于20m3的液化石油气储罐(区)，应设置移动式水枪。
GB50016-2014(2018年版),8.1.6-1,消防水泵房的设置应符合下列规定：单独建造的消防水泵房，其耐火等级不应低于二级；
GB50016-2014(2018年版),8.1.6-2,消防水泵房的设置应符合下列规定：附设在建筑内的消防水泵房，不应设置在地下三层及以下或室内地面与室外出入口地坪高差大于10m的地下楼层；
GB50016-2014(2018年版),8.1.6-3,消防水泵房的设置应符合下列规定：疏散门应直通室外或安全出口。
GB50016-2014(2018年版),8.2.1-1,下列建筑或场所应设置室内消火栓系统：建筑占地面积大于300m2的厂房和仓库；
GB50016-2014(2018年版),8.2.1-2,下列建筑或场所应设置室内消火栓系统：高层公共建筑和建筑高度大于21m的住宅建筑；注：建筑高度不大于27m的住宅建筑，设置室内消火栓系统确有困难时，可只设置干式消防竖管和不带消火栓箱的DN65的室内消火栓。
GB50016-2014(2018年版),8.2.1-3,下列建筑或场所应设置室内消火栓系统：体积大于5000m3的车站、码头、机场的候车(船、机)建筑、展览建筑、商店建筑、旅馆建筑、医疗建筑、老年人照料设施和图书馆建筑等单、多层建筑；
GB50016-2014(2018年版),8.2.1-4,下列建筑或场所应设置室内消火栓系统：特等、甲等剧场，超过800个座位的其他等级的剧场和电影院等以及超过1200个座位的礼堂、体育馆等单、多层建筑；
GB50016-2014(2018年版),8.2.1-5,下列建筑或场所应设置室内消火栓系统：建筑高度大于15m或体积大于10000m3的办公建筑、教学建筑和其他单、多层民用建筑。
GB50016-2014(2018年版),8.2.2-1,本规范第8.2.1条未规定的建筑或场所和符合本规范第8.2.1条规定的下列建筑或场所，可不设置室内消火栓系统，但宜设置消防软管卷盘或轻便消防水龙：耐火等级为一、二级且可燃物较少的单、多层丁、戊类厂房(仓库)。
GB50016-2014(2018年版),8.2.2-2,本规范第8.2.1条未规定的建筑或场所和符合本规范第8.2.1条规定的下列建筑或场所，可不设置室内消火栓系统，但宜设置消防软管卷盘或轻便消防水龙：耐火等级为三、四级且建筑体积不大于3000m3的丁类厂房；耐火等级为三、四级且建筑体积不大于5000m3的戊类厂房(仓库)。
GB50016-2014(2018年版),8.2.2-3,本规范第8.2.1条未规定的建筑或场所和符合本规范第8.2.1条规定的下列建筑或场所，可不设置室内消火栓系统，但宜设置消防软管卷盘或轻便消防水龙：粮食仓库、金库、远离城镇且无人值班的独立建筑。
GB50016-2014(2018年版),8.2.2-4,本规范第8.2.1条未规定的建筑或场所和符合本规范第8.2.1条规定的下列建筑或场所，可不设置室内消火栓系统，但宜设置消防软管卷盘或轻便消防水龙：存有与水接触能引起燃烧爆炸的物品的建筑。
GB50016-2014(2018年版),8.2.2-5,本规范第8.2.1条未规定的建筑或场所和符合本规范第8.2.1条规定的下列建筑或场所，可不设置室内消火栓系统，但宜设置消防软管卷盘或轻便消防水龙：室内无生产、生活给水管道，室外消防用水取自储水池且建筑体积不大于5000m3的其他建筑。
GB50016-2014(2018年版),8.2.4,人员密集的公共建筑、建筑高度大于100m的建筑和建筑面积大于200m2的商业服务网点内应设置消防软管卷盘或轻便消防水龙。高层住宅建筑的户内宜配置轻便消防水龙。老年人照料设施内应设置与室内供水系统直接连接的消防软管卷盘，消防软管卷盘的设置间距不应大于30.0m。
GB50016-2014(2018年版),8.3.1-1,除本规范另有规定和不宜用水保护或灭火的场所外，下列厂房或生产部位应设置自动灭火系统，并宜采用自动喷水灭火系统：不小于50000纱锭的棉纺厂的开包、清花车间，不小于5000锭的麻纺厂的分级、梳麻车间，火柴厂的烤梗、筛选部位；
GB50016-2014(2018年版),8.3.1-2,除本规范另有规定和不宜用水保护或灭火的场所外，下列厂房或生产部位应设置自动灭火系统，并宜采用自动喷水灭火系统：占地面积大于1500m2或总建筑面积大于3000m2的单、多层制鞋、制衣、玩具及电子等类似生产的厂房；
GB50016-2014(2018年版),8.3.1-3,除本规范另有规定和不宜用水保护或灭火的场所外，下列厂房或生产部位应设置自动灭火系统，并宜采用自动喷水灭火系统：占地面积大于1500m2的木器厂房；
GB50016-2014(2018年版),8.3.1-4,除本规范另有规定和不宜用水保护或灭火的场所外，下列厂房或生产部位应设置自动灭火系统，并宜采用自动喷水灭火系统：泡沫塑料厂的预发、成型、切片、压花部位；
GB50016-2014(2018年版),8.3.1-5,除本规范另有规定和不宜用水保护或灭火的场所外，下列厂房或生产部位应设置自动灭火系统，并宜采用自动喷水灭火系统：高层乙、丙类厂房；
GB50016-2014(2018年版),8.3.1-6,除本规范另有规定和不宜用水保护或灭火的场所外，下列厂房或生产部位应设置自动灭火系统，并宜采用自动喷水灭火系统：建筑面积大于500m2的地下或半地下丙类厂房。
GB50016-2014(2018年版),8.3.2-1,除本规范另有规定和不宜用水保护或灭火的仓库外，下列仓库应设置自动灭火系统，并宜采用自动喷水灭火系统：每座占地面积大于1000m2的棉、毛、丝、麻、化纤、毛皮及其制品的仓库；注：单层占地面积不大于2000m2的棉花库房，可不设置自动喷水灭火系统。
GB50016-2014(2018年版),8.3.2-2,除本规范另有规定和不宜用水保护或灭火的仓库外，下列仓库应设置自动灭火系统，并宜采用自动喷水灭火系统：每座占地面积大于600m2的火柴仓库；
GB50016-2014(2018年版),8.3.2-3,除本规范另有规定和不宜用水保护或灭火的仓库外，下列仓库应设置自动灭火系统，并宜采用自动喷水灭火系统：邮政建筑内建筑面积大于500m2的空邮袋库；
GB50016-2014(2018年版),8.3.2-4,除本规范另有规定和不宜用水保护或灭火的仓库外，下列仓库应设置自动灭火系统，并宜采用自动喷水灭火系统：可燃、难燃物品的高架仓库和高层仓库；
GB50016-2014(2018年版),8.3.2-5,除本规范另有规定和不宜用水保护或灭火的仓库外，下列仓库应设置自动灭火系统，并宜采用自动喷水灭火系统：设计温度高于0℃的高架冷库，设计温度高于0℃且每个防火分区建筑面积大于1500m2的非高架冷库；
GB50016-2014(2018年版),8.3.2-6,除本规范另有规定和不宜用水保护或灭火的仓库外，下列仓库应设置自动灭火系统，并宜采用自动喷水灭火系统：总建筑面积大于500m2的可燃物品地下仓库；
GB50016-2014(2018年版),8.3.2-7,除本规范另有规定和不宜用水保护或灭火的仓库外，下列仓库应设置自动灭火系统，并宜采用自动喷水灭火系统：每座占地面积大于1500m2或总建筑面积大于3000m2的其他单层或多层丙类物品仓库。
GB50016-2014(2018年版),8.3.3-1,除本规范另有规定和不宜用水保护或灭火的场所外，下列高层民用建筑或场所应设置自动灭火系统，并宜采用自动喷水灭火系统：一类高层公共建筑(除游泳池、溜冰场外)及其地下、半地下室：
GB50016-2014(2018年版),8.3.3-2,除本规范另有规定和不宜用水保护或灭火的场所外，下列高层民用建筑或场所应设置自动灭火系统，并宜采用自动喷水灭火系统：二类高层公共建筑及其地下、半地下室的公共活动用房、走道、办公室和旅馆的客房、可燃物品库房、自动扶梯底部；
GB50016-2014(2018年版),8.3.3-3,除本规范另有规定和不宜用水保护或灭火的场所外，下列高层民用建筑或场所应设置自动灭火系统，并宜采用自动喷水灭火系统：高层民用建筑内的歌舞娱乐放映游艺场所；
GB50016-2014(2018年版),8.3.3-4,除本规范另有规定和不宜用水保护或灭火的场所外，下列高层民用建筑或场所应设置自动灭火系统，并宜采用自动喷水灭火系统：建筑高度大于100m的住宅建筑。
GB50016-2014(2018年版),8.3.4-1,除本规范另有规定和不适用水保护或灭火的场所外，下列单、多层民用建筑或场所应设置自动灭火系统，并宜采用自动喷水灭火系统：特等、甲等剧场，超过1500个座位的其他等级的剧场，超过2000个座位的会堂或礼堂，超过3000个座位的体育馆，超过5000人的体育场的室内人员休息室与器材间等；
GB50016-2014(2018年版),8.3.4-2,除本规范另有规定和不适用水保护或灭火的场所外，下列单、多层民用建筑或场所应设置自动灭火系统，并宜采用自动喷水灭火系统：任一层建筑面积大于1500m2或总建筑面积大于3000m2的展览、商店、餐饮和旅馆建筑以及医院中同样建筑规模的病房楼、门诊楼和手术部；
GB50016-2014(2018年版),8.3.4-3,除本规范另有规定和不适用水保护或灭火的场所外，下列单、多层民用建筑或场所应设置自动灭火系统，并宜采用自动喷水灭火系统：设置送回风道(管)的集中空气调节系统且总建筑面积大于3000m2的办公建筑等；
GB50016-2014(2018年版),8.3.4-4,除本规范另有规定和不适用水保护或灭火的场所外，下列单、多层民用建筑或场所应设置自动灭火系统，并宜采用自动喷水灭火系统：藏书量超过50万册的图书馆；
GB50016-2014(2018年版),8.3.4-5,除本规范另有规定和不适用水保护或灭火的场所外，下列单、多层民用建筑或场所应设置自动灭火系统，并宜采用自动喷水灭火系统：大、中型幼儿园，老年人照料设施；
GB50016-2014(2018年版),8.3.4-6,除本规范另有规定和不适用水保护或灭火的场所外，下列单、多层民用建筑或场所应设置自动灭火系统，并宜采用自动喷水灭火系统：总建筑面积大于500m2的地下或半地下商店；
GB50016-2014(2018年版),8.3.4-7,除本规范另有规定和不适用水保护或灭火的场所外，下列单、多层民用建筑或场所应设置自动灭火系统，并宜采用自动喷水灭火系统：设置在地下或半地下或地上四层及以上楼层的歌舞娱乐放映游艺场所(除游泳场所外)，设置在首层、二层和三层且任一层建筑面积大于300m2的地上歌舞娱乐放映游艺场所(除游泳场所外)。
GB50016-2014(2018年版),8.3.7-1,下列建筑或部位应设置雨淋自动喷水灭火系统：火柴厂的氯酸钾压碾厂房，建筑面积大于100m2且生产或使用硝化棉、喷漆棉、火胶棉、赛璐珞胶片、硝化纤维的厂房；
GB50016-2014(2018年版),8.3.7-2,下列建筑或部位应设置雨淋自动喷水灭火系统：乒乓球厂的轧坯、切片、磨球、分球检验部位；
GB50016-2014(2018年版),8.3.7-3,下列建筑或部位应设置雨淋自动喷水灭火系统：建筑面积大于60m2或储存量大于2t的硝化棉、喷漆棉、火胶棉、赛璐珞胶片、硝化纤维的仓库；
GB50016-2014(2018年版),8.3.7-4,下列建筑或部位应设置雨淋自动喷水灭火系统：日装瓶数量大于3000瓶的液化石油气储配站的灌瓶间、实瓶库；
GB50016-2014(2018年版),8.3.7-5,下列建筑或部位应设置雨淋自动喷水灭火系统：特等、甲等剧场、超过1500个座位的其他等级剧场和超过2000个座位的会堂或礼堂的舞台葡萄架下部；
GB50016-2014(2018年版),8.3.7-6,下列建筑或部位应设置雨淋自动喷水灭火系统：建筑面积不小于400m2的演播室，建筑面积不小于500m2的电影摄影棚。
GB50016-2014(2018年版),8.3.8-1,下列场所应设置自动灭火系统，并宜采用水喷雾灭火系统：单台容量在40MV·A及以上的厂矿企业油浸变压器，单台容量在90MV·A及以上的电厂油浸变压器，单台容量在125MV·A及以上的独立变电站油浸变压器；
GB50016-2014(2018年版),8.3.8-2,下列场所应设置自动灭火系统，并宜采用水喷雾灭火系统：飞机发动机试验台的试车部位；
GB50016-2014(2018年版),8.3.8-3,下列场所应设置自动灭火系统，并宜采用水喷雾灭火系统：充可燃油并设置在高层民用建筑内的高压电容器和多油开关室。注：设置在室内的油浸变压器、充可燃油的高压电容器和多油开关室，可采用细水雾灭火系统。
GB50016-2014(2018年版),8.3.10-1,甲、乙、丙类液体储罐的灭火系统设置应符合下列规定：单罐容量大于1000m3的固定顶罐应设置固定式泡沫灭火系统；
GB50016-2014(2018年版),8.3.10-2,甲、乙、丙类液体储罐的灭火系统设置应符合下列规定：罐壁高度小于7m或容量不大于200m3的储罐可采用移动式泡沫灭火系统；
GB50016-2014(2018年版),8.3.10-3,甲、乙、丙类液体储罐的灭火系统设置应符合下列规定：其他储罐宜采用半固定式泡沫灭火系统；
GB50016-2014(2018年版),8.3.10-4,甲、乙、丙类液体储罐的灭火系统设置应符合下列规定：石油库、石油化工、石油天然气工程中甲、乙、丙类液体储罐的灭火系统设置，应符合现行国家标准《石油库设计规范》GB?50074等标准的规定。
GB50016-2014(2018年版),8.3.11,餐厅建筑面积大于1000m2的餐馆或食堂，其烹饪操作间的排油烟罩及烹饪部位应设置自动灭火装置，并应在燃气或燃油管道上设置与自动灭火装置联动的自动切断装置。食品工业加工场所内有明火作业或高温食用油的食品加工部位宜设置自动灭火装置。
GB50016-2014(2018年版),8.4.1-1,下列建筑或场所应设置火灾自动报警系统：任一层建筑面积大于1500m2或总建筑面积大于3000m2的制鞋、制衣、玩具、电子等类似用途的厂房；
GB50016-2014(2018年版),8.4.1-2,下列建筑或场所应设置火灾自动报警系统：每座占地面积大于1000m2的棉、毛、丝、麻、化纤及其制品的仓库，占地面积大于500m2或总建筑面积大于1000m2的卷烟仓库；
GB50016-2014(2018年版),8.4.1-3,下列建筑或场所应设置火灾自动报警系统：任一层建筑面积大于1500m2或总建筑面积大于3000m2的商店、展览、财贸金融、客运和货运等类似用途的建筑，总建筑面积大于500m2的地下或半地下商店；
GB50016-2014(2018年版),8.4.1-4,下列建筑或场所应设置火灾自动报警系统：图书或文物的珍藏库，每座藏书超过50万册的图书馆，重要的档案馆；
GB50016-2014(2018年版),8.4.1-5,下列建筑或场所应设置火灾自动报警系统：地市级及以上广播电视建筑、邮政建筑、电信建筑，城市或区域性电力、交通和防灾等指挥调度建筑；
GB50016-2014(2018年版),8.4.1-6,下列建筑或场所应设置火灾自动报警系统：特等、甲等剧场，座位数超过1500个的其他等级的剧场或电影院，座位数超过2000个的会堂或礼堂，座位数超过3000个的体育馆；
GB50016-2014(2018年版),8.4.1-7,下列建筑或场所应设置火灾自动报警系统：大、中型幼儿园的儿童用房等场所，老年人照料设施，任一层建筑面积大于1500m2或总建筑面积大于3000m2的疗养院的病房楼、旅馆建筑和其他儿童活动场所，不少于200床位的医院门诊楼、病房楼和手术部等；
GB50016-2014(2018年版),8.4.1-8,下列建筑或场所应设置火灾自动报警系统：歌舞娱乐放映游艺场所；
GB50016-2014(2018年版),8.4.1-9,下列建筑或场所应设置火灾自动报警系统：净高大于2.6m且可燃物较多的技术夹层，净高大于0.8m且有可燃物的闷顶或吊顶内；
GB50016-2014(2018年版),8.4.1-10,下列建筑或场所应设置火灾自动报警系统：电子信息系统的主机房及其控制室、记录介质库，特殊贵重或火灾危险性大的机器、仪表、仪器设备室、贵重物品库房；
GB50016-2014(2018年版),8.4.1-11,下列建筑或场所应设置火灾自动报警系统：二类高层公共建筑内建筑面积大于50m2的可燃物品库房和建筑面积大于500m2的营业厅；
GB50016-2014(2018年版),8.4.1-12,下列建筑或场所应设置火灾自动报警系统：其他一类高层公共建筑；
GB50016-2014(2018年版),8.4.1-13,下列建筑或场所应设置火灾自动报警系统：设置机械排烟、防烟系统，雨淋或预作用自动喷水灭火系统，固定消防水炮灭火系统、气体灭火系统等需与火灾自动报警系统联锁动作的场所或部位。注：老年人照料设施中的老年人用房及其公共走道，均应设置火灾探测器和声警报装置或消防广播。
GB50016-2014(2018年版),8.4.2,建筑高度大于100m的住宅建筑，应设置火灾自动报警系统。建筑高度大于54m但不大于100m的住宅建筑，其公共部位应设置火灾自动报警系统，套内宜设置火灾探测器。建筑高度不大于54m的高层住宅建筑，其公共部位宜设置火灾自动报警系统。当设置需联动控制的消防设施时，公共部位应设置火灾自动报警系统。高层住宅建筑的公共部位应设置具有语音功能的火灾声警报装置或应急广播。
GB50016-2014(2018年版),8.5.1-1,建筑的下列场所或部位应设置防烟设施：防烟楼梯间及其前室；
GB50016-2014(2018年版),8.5.1-2,建筑的下列场所或部位应设置防烟设施：消防电梯间前室或合用前室；
GB50016-2014(2018年版),8.5.1-3-1,建筑的下列场所或部位应设置防烟设施：避难走道的前室、避难层(间)。建筑高度不大于50m的公共建筑、厂房、仓库和建筑高度不大于100m的住宅建筑，当其防烟楼梯间的前室或合用前室符合下列条件之一时，楼梯间可不设置防烟系统：前室或合用前室采用敞开的阳台、凹廊；
GB50016-2014(2018年版),8.5.1-3-2,建筑的下列场所或部位应设置防烟设施：避难走道的前室、避难层(间)。建筑高度不大于50m的公共建筑、厂房、仓库和建筑高度不大于100m的住宅建筑，当其防烟楼梯间的前室或合用前室符合下列条件之一时，楼梯间可不设置防烟系统：前室或合用前室具有不同朝向的可开启外窗，且可开启外窗的面积满足自然排烟口的面积要求。
GB50016-2014(2018年版),8.5.2-1,厂房或仓库的下列场所或部位应设置排烟设施：人员或可燃物较多的丙类生产场所，丙类厂房内建筑面积大于300m2且经常有人停留或可燃物较多的地上房间；
GB50016-2014(2018年版),8.5.2-2,厂房或仓库的下列场所或部位应设置排烟设施：建筑面积大于5000m2的丁类生产车间；
GB50016-2014(2018年版),8.5.2-3,厂房或仓库的下列场所或部位应设置排烟设施：占地面积大于1000m2的丙类仓库；
GB50016-2014(2018年版),8.5.2-4,厂房或仓库的下列场所或部位应设置排烟设施：高度大于32m的高层厂房(仓库)内长度大于20m的疏散走道，其他厂房(仓库)内长度大于40m的疏散走道。
GB50016-2014(2018年版),8.5.3-1,民用建筑的下列场所或部位应设置排烟设施：设置在一、二、三层且房间建筑面积大于100m2的歌舞娱乐放映游艺场所，设置在四层及以上楼层、地下或半地下的歌舞娱乐放映游艺场所；
GB50016-2014(2018年版),8.5.3-2,民用建筑的下列场所或部位应设置排烟设施：中庭；
GB50016-2014(2018年版),8.5.3-3,民用建筑的下列场所或部位应设置排烟设施：公共建筑内建筑面积大于100m2且经常有人停留的地上房间；
GB50016-2014(2018年版),8.5.3-4,民用建筑的下列场所或部位应设置排烟设施：公共建筑内建筑面积大于300m2且可燃物较多的地上房间；
GB50016-2014(2018年版),8.5.3-5,民用建筑的下列场所或部位应设置排烟设施：建筑内长度大于20m的疏散走道。
GB50016-2014(2018年版),8.5.4,地下或半地下建筑(室)、地上建筑内的无窗房间，当总建筑面积大于200m2或一个房间建筑面积大于50m2，且经常有人停留或可燃物较多时，应设置排烟设施。
GB50016-2014(2018年版),9.1.2,甲、乙类厂房内的空气不应循环使用。丙类厂房内含有燃烧或爆炸危险粉尘、纤维的空气，在循环使用前应经净化处理，并应使空气中的含尘浓度低于其爆炸下限的25％。
GB50016-2014(2018年版),9.2.1,在散发可燃粉尘、纤维的厂房内，散热器表面平均温度不应超过82.5℃。输煤廊的散热器表面平均温度不应超过130℃。
GB50016-2014(2018年版),9.2.5-1,供暖管道与可燃物之间应保持一定距离，并应符合下列规定：当供暖管道的表面温度大于100℃时，不应小于100mm或采用不燃材料隔热；
GB50016-2014(2018年版),9.2.5-2,供暖管道与可燃物之间应保持一定距离，并应符合下列规定：当供暖管道的表面温度不大于100℃时，不应小于50mm或采用不燃材料隔热。
GB50016-2014(2018年版),9.3.7,净化有爆炸危险粉尘的干式除尘器和过滤器宜布置在厂房外的独立建筑内，建筑外墙与所属厂房的防火间距不应小于10m。具备连续清灰功能，或具有定期清灰功能且风量不大于15000m3／h、集尘斗的储尘量小于60kg的干式除尘器和过滤器，可布置在厂房内的单独房间内，但应采用耐火极限不低于3.00h的防火隔墙和1.50h的楼板与其他部位分隔。
GB50016-2014(2018年版),9.3.10,排除和输送温度超过80℃的空气或其他气体以及易燃碎屑的管道，与可燃或难燃物体之间的间隙不应小于150mm，或采用厚度不小于50mm的不燃材料隔热；当管道上下布置时，表面温度较高者应布置在上面。
GB50016-2014(2018年版),9.3.16-1,燃油或燃气锅炉房应设置自然通风或机械通风设施。燃气锅炉房应选用防爆型的事故排风机。当采取机械通风时，机械通风设施应设置导除静电的接地装置，通风量应符合下列规定：燃油锅炉房的正常通风量应按换气次数不少于3次／h确定，事故排风量应按换气次数不少于6次／h确定；
GB50016-2014(2018年版),9.3.16-2,燃油或燃气锅炉房应设置自然通风或机械通风设施。燃气锅炉房应选用防爆型的事故排风机。当采取机械通风时，机械通风设施应设置导除静电的接地装置，通风量应符合下列规定：燃气锅炉房的正常通风量应按换气次数不少于6次／h确定，事故排风量应按换气次数不少于12次／h确定。
GB50016-2014(2018年版),10.1.1-1,下列建筑物的消防用电应按一级负荷供电：?建筑高度大于50m的乙、丙类厂房和丙类仓库；
GB50016-2014(2018年版),10.1.1-2,下列建筑物的消防用电应按一级负荷供电：一类高层民用建筑。
GB50016-2014(2018年版),10.1.2-1,下列建筑物、储罐(区)和堆场的消防用电应按二级负荷供电：室外消防用水量大于30L／s的厂房(仓库)；
GB50016-2014(2018年版),10.1.2-2,下列建筑物、储罐(区)和堆场的消防用电应按二级负荷供电：室外消防用水量大于35L／s的可燃材料堆场、可燃气体储罐(区)和甲、乙类液体储罐(区)；
GB50016-2014(2018年版),10.1.2-3,下列建筑物、储罐(区)和堆场的消防用电应按二级负荷供电：粮食仓库及粮食筒仓；
GB50016-2014(2018年版),10.1.2-4,下列建筑物、储罐(区)和堆场的消防用电应按二级负荷供电：二类高层民用建筑；
GB50016-2014(2018年版),10.1.2-5,下列建筑物、储罐(区)和堆场的消防用电应按二级负荷供电：座位数超过1500个的电影院、剧场，座位数超过3000个的体育馆，任一层建筑面积大于3000m2的商店和展览建筑，省(市)级及以上的广播电视、电信和财贸金融建筑，室外消防用水量大于25L／s的其他公共建筑。
GB50016-2014(2018年版),10.1.5-1,建筑内消防应急照明和灯光疏散指示标志的备用电源的连续供电时间应符合下列规定：建筑高度大于100m的民用建筑，不应小于1.50h；
GB50016-2014(2018年版),10.1.5-2,建筑内消防应急照明和灯光疏散指示标志的备用电源的连续供电时间应符合下列规定：医疗建筑、老年人照料设施、总建筑面积大于100000m2的公共建筑和总建筑面积大于20000m2的地下、半地下建筑，不应少于1.00h；
GB50016-2014(2018年版),10.1.5-3,建筑内消防应急照明和灯光疏散指示标志的备用电源的连续供电时间应符合下列规定：其他建筑，不应少于0.50h。
GB50016-2014(2018年版),10.2.4,开关、插座和照明灯具靠近可燃物时，应采取隔热、散热等防火措施。卤钨灯和额定功率不小于100W的白炽灯泡的吸顶灯、槽灯、嵌入式灯，其引入线应采用瓷管、矿棉等不燃材料作隔热保护。额定功率不小于60W的白炽灯、卤钨灯、高压钠灯、金属卤化物灯、荧光高压汞灯(包括电感镇流器)等，不应直接安装在可燃物体上或采取其他防火措施。
GB50016-2014(2018年版),10.2.7-1,老年人照料设施的非消防用电负荷应设置电气火灾监控系统。下列建筑或场所的非消防用电负荷宜设置电气火灾监控系统：建筑高度大于50m的乙、丙类厂房和丙类仓库，室外消防用水量大于30L／s的厂房(仓库)；
GB50016-2014(2018年版),10.2.7-2,老年人照料设施的非消防用电负荷应设置电气火灾监控系统。下列建筑或场所的非消防用电负荷宜设置电气火灾监控系统：一类高层民用建筑；
GB50016-2014(2018年版),10.2.7-3,老年人照料设施的非消防用电负荷应设置电气火灾监控系统。下列建筑或场所的非消防用电负荷宜设置电气火灾监控系统：座位数超过1500个的电影院、剧场，座位数超过3000个的体育馆，任一层建筑面积大于3000m2的商店和展览建筑，省(市)级及以上的广播电视、电信和财贸金融建筑，室外消防用水量大于25L／s的其他公共建筑；
GB50016-2014(2018年版),10.2.7-4,老年人照料设施的非消防用电负荷应设置电气火灾监控系统。下列建筑或场所的非消防用电负荷宜设置电气火灾监控系统：国家级文物保护单位的重点砖木或木结构的古建筑。
GB50016-2014(2018年版),11.0.6,设置在木结构住宅建筑内的机动车库、发电机间、配电间、锅炉间，应采用耐火极限不低于2.00h的防火隔墙和1.00h的不燃性楼板与其他部位分隔，不宜开设与室内相通的门、窗、洞口，确需开设时，可开设一樘不直通卧室的单扇乙级防火门。机动车库的建筑面积不宜大于60m2。
GB50016-2014(2018年版),11.0.11,木结构墙体、楼板及封闭吊顶或屋顶下的密闭空间内应采取防火分隔措施，且水平分隔长度或宽度均不应大于20m，建筑面积不应大于300m2，墙体的竖向分隔高度不应大于3m。轻型木结构建筑的每层楼梯梁处应采取防火分隔措施。
GB50016-2014(2018年版),11.0.13,总建筑面积大于1500m2的木结构公共建筑应设置火灾自动报警系统，木结构住宅建筑内应设置火灾探测与报警装置。
GB50016-2014(2018年版),12.1.6-1,通行机动车的双孔隧道，其车行横通道或车行疏散通道的设置应符合下列规定：水底隧道宜设置车行横通道或车行疏散通道。车行横通道的间隔和隧道通向车行疏散通道入口的间隔宜为1000m～1500m。
GB50016-2014(2018年版),12.1.6-2,通行机动车的双孔隧道，其车行横通道或车行疏散通道的设置应符合下列规定：非水底隧道应设置车行横通道或车行疏散通道。车行横通道的间隔和隧道通向车行疏散通道入口的间隔不宜大于1000m。
GB50016-2014(2018年版),12.1.6-3,通行机动车的双孔隧道，其车行横通道或车行疏散通道的设置应符合下列规定：车行横通道应沿垂直隧道长度方向布置，并应通向相邻隧道；车行疏散通道应沿隧道长度方向布置在双孔中间，并应直通隧道外。
GB50016-2014(2018年版),12.1.6-4,通行机动车的双孔隧道，其车行横通道或车行疏散通道的设置应符合下列规定：车行横通道和车行疏散通道的净宽度不应小于4.0m，净高度不应小于4.5m。
GB50016-2014(2018年版),12.1.6-5,通行机动车的双孔隧道，其车行横通道或车行疏散通道的设置应符合下列规定：隧道与车行横通道或车行疏散通道的连通处，应采取防火分隔措施。
GB50016-2014(2018年版),12.1.7-1,双孔隧道应设置人行横通道或人行疏散通道，并应符合下列规定：人行横通道的间隔和隧道通向人行疏散通道入口的间隔，宜为250m～300m。
GB50016-2014(2018年版),12.1.7-2,双孔隧道应设置人行横通道或人行疏散通道，并应符合下列规定：人行疏散横通道应沿垂直双孔隧道长度方向布置，并应通向相邻隧道。人行疏散通道应沿隧道长度方向布置在双孔中间，并应直通隧道外。
GB50016-2014(2018年版),12.1.7-3,双孔隧道应设置人行横通道或人行疏散通道，并应符合下列规定：人行横通道可利用车行横通道。
GB50016-2014(2018年版),12.1.7-4,双孔隧道应设置人行横通道或人行疏散通道，并应符合下列规定：人行横通道或人行疏散通道的净宽度不应小于1.2m，净高度不应小于2.1m。
GB50016-2014(2018年版),12.1.7-5,双孔隧道应设置人行横通道或人行疏散通道，并应符合下列规定：隧道与人行横通道或人行疏散通道的连通处，应采取防火分隔措施，门应采用乙级防火门。
GB50016-2014(2018年版),12.1.9,隧道内的变电站、管廊、专用疏散通道、通风机房及其他辅助用房等，应采取耐火极限不低于2.00h的防火隔墙和乙级防火门等分隔措施与车行隧道分隔。
GB50016-2014(2018年版),12.1.10,隧道内地下设备用房的每个防火分区的最大允许建筑面积不应大于1500m2，每个防火分区的安全出口数量不应少于2个，与车道或其他防火分区相通的出口可作为第二安全出口，但必须至少设置1个直通室外的安全出口；建筑面积不大于500m2且无人值守的设备用房可设置1个直通室外的安全出口。
GB50016-2014(2018年版),12.2.2-1,消防给水系统的设置应符合下列规定：消防水源和供水管网应符合国家现行有关标准的规定。
GB50016-2014(2018年版),12.2.2-2,消防给水系统的设置应符合下列规定：消防用水量应按隧道的火灾延续时间和隧道全线同一时间发生一次火灾计算确定。一、二类隧道的火灾延续时间不应小于3.0h；三类隧道，不应小于2.0h。
GB50016-2014(2018年版),12.2.2-3,消防给水系统的设置应符合下列规定：隧道内的消防用水量应按同时开启所有灭火设施的用水量之和计算。
GB50016-2014(2018年版),12.2.2-4,消防给水系统的设置应符合下列规定：隧道内宜设置独立的消防给水系统。严寒和寒冷地区的消防给水管道及室外消火栓应采取防冻措施；当采用干式给水系统时，应在管网的最高部位设置自动排气阀，管道的充水时间不宜大于90s。
GB50016-2014(2018年版),12.2.2-5,消防给水系统的设置应符合下列规定：隧道内的消火栓用水量不应小于20L／s，隧道外的消火栓用水量不应小于30L／s。对于长度小于1000m的三类隧道，隧道内、外的消火栓用水量可分别为10L／s和20L／s。
GB50016-2014(2018年版),12.2.2-6,消防给水系统的设置应符合下列规定：管道内的消防供水压力应保证用水量达到最大时，最不利点处的水枪充实水柱不小于10.0m。消火栓栓口处的出水压力大于0.5MPa时，应设置减压设施。
GB50016-2014(2018年版),12.2.2-7,消防给水系统的设置应符合下列规定：在隧道出入口处应设置消防水泵接合器和室外消火栓。
GB50016-2014(2018年版),12.2.2-8,消防给水系统的设置应符合下列规定：隧道内消火栓的间距不应大于50m，消火栓的栓口距地面高度宜为1.1m。
GB50016-2014(2018年版),12.2.2-9,消防给水系统的设置应符合下列规定：设置消防水泵供水设施的隧道，应在消火栓箱内设置消防水泵启动按钮。
GB50016-2014(2018年版),12.2.2-10,消防给水系统的设置应符合下列规定：应在隧道单侧设置室内消火栓箱，消火栓箱内应配置1支喷嘴口径19mm的水枪、1盘长25m、直径65mm的水带，并宜配置消防软管卷盘。
GB50016-2014(2018年版),12.2.4-1,隧道内应设置ABC类灭火器，并应符合下列规定：通行机动车的一、二类隧道和通行机动车并设置3条及以上车道的三类隧道，在隧道两侧均应设置灭火器，每个设置点不应少于4具；
GB50016-2014(2018年版),12.2.4-2,隧道内应设置ABC类灭火器，并应符合下列规定：其他隧道，可在隧道一侧设置灭火器，每个设置点不应少于2具；
GB50016-2014(2018年版),12.2.4-3,隧道内应设置ABC类灭火器，并应符合下列规定：灭火器设置点的间距不应大于100m。
GB50016-2014(2018年版),12.3.2-1,隧道内机械排烟系统的设置应符合下列规定：长度大于3000m的隧道，宜采用纵向分段排烟方式或重点排烟方式；
GB50016-2014(2018年版),12.3.2-2,隧道内机械排烟系统的设置应符合下列规定：长度不大于3000m的单洞单向交通隧道，宜采用纵向排烟方式；
GB50016-2014(2018年版),12.3.2-3,隧道内机械排烟系统的设置应符合下列规定：单洞双向交通隧道，宜采用重点排烟方式。
GB50016-2014(2018年版),12.4.5,封闭段长度超过1000m的隧道宜设置消防控制室，消防控制室的建筑防火要求应符合本规范第8.1.7条和第8.1.8条的规定。隧道内火灾自动报警系统的设计应符合现行国家标准《火灾自动报警系统设计规范》GB?50116的规定。
GB50016-2014(2018年版),12.5.1,一、二类隧道的消防用电应按一级负荷要求供电；三类隧道的消防用电应按二级负荷要求供电。
GB50016-2014(2018年版),12.5.3,隧道两侧、人行横通道和人行疏散通道上应设置疏散照明和疏散指示标志，其设置高度不宜大于1.5m。一、二类隧道内疏散照明和疏散指示标志的连续供电时间不应小于1.5h；其他隧道，不应小于1.0h。其他要求可按本规范第10章的规定确定。
GB50016-2014(2018年版),12.5.4,隧道内严禁设置可燃气体管道；电缆线槽应与其他管道分开敷设。当设置10kV及以上的高压电缆时，应采用耐火极限不低于2.00h的防火分隔体与其他区域分隔。
